Azel,6,1,0,kanpyo_ch2_fairy_starsapphire
159,_,_,_,_,_
_,0,0,0,0,0
_,0,0,0,0,0
_,0,0,0,0,0
_,0,0,0,0,0
_,0,0,0,0,0
_,0,0,0,0,0
_,0,0,0,0,0
_,0,0,0,0,0
_,0,0,0,0,0
_,0,0,0,0,0
_,0,0,0,0,0
_,0,0,0,0,0
159,_,_,_,_,_
_,0,0,0,1,0
_,0,0,0,0,0
_,0,0,0,0,0
_,0,0,0,0,0
_,0,0,0,0,0
_,0,0,0,0,0
_,0,0,0,0,0
_,0,0,0,0,0
_,0,0,0,0,0
_,0,0,0,0,0
_,0,0,0,0,0
_,0,0,0,0,0
_,0,0,0,0,0
_,0,0,0,0,0
_,0,0,0,0,0
_,0,0,0,0,0
_,0,0,0,0,0
_,0,0,0,0,0
_,0,1,0,0,0
_,0,0,0,0,0
_,0,0,0,0,0
_,0,0,0,0,0
_,0,0,0,0,0
_,0,0,0,0,0
_,0,1,0,0,0
_,0,0,0,0,0
_,0,0,0,0,0
_,0,0,0,0,0
_,0,0,0,0,0
_,0,0,0,0,0
_,0,0,0,0,0
_,0,0,0,0,0
_,0,0,0,0,0
_,0,0,0,0,0
_,0,0,0,0,0
_,0,0,0,0,0
_,0,0,0,0,0
_,0,0,0,0,0
_,0,0,0,0,0
_,0,0,0,0,0
_,0,0,0,0,0
_,0,0,0,0,0
_,0,0,0,0,0
_,0,0,0,0,0
_,0,0,0,0,0
_,0,0,0,0,0
_,0,0,0,0,0
_,0,0,0,0,0
159,_,_,_,_,_
_,0,0,0,0,1
_,0,0,0,0,0
_,0,0,0,0,0
_,0,0,0,0,0
_,0,0,0,0,0
_,0,0,0,0,0
_,0,0,0,0,0
_,0,0,0,0,0
_,0,0,0,0,0
_,0,0,0,0,0
_,0,0,0,0,0
_,0,0,0,0,0
_,0,0,0,0,0
_,0,0,0,0,0
_,0,0,0,0,0
_,0,0,0,0,0
_,0,0,0,0,0
_,0,0,0,0,0
_,0,0,1,0,0
_,0,0,0,0,0
_,0,0,0,0,0
_,0,0,0,0,0
_,0,0,0,0,0
_,0,0,0,0,0
_,0,0,1,0,0
_,0,0,0,0,0
_,0,0,0,0,0
_,0,0,0,0,0
_,0,0,0,0,0
_,0,0,0,0,0
_,0,0,0,0,0
_,0,0,0,0,0
_,0,0,0,0,0
_,0,0,0,0,0
_,0,0,0,0,0
_,0,0,0,0,0
_,0,0,0,0,0
_,0,0,0,0,0
_,0,0,0,0,0
_,0,0,0,0,0
_,0,0,0,0,0
_,0,0,0,0,0
_,0,1,0,0,0
_,0,0,0,0,0
_,0,0,0,0,0
_,0,0,0,0,0
_,0,0,0,0,0
_,0,0,0,0,0
159,_,_,_,_,_
_,0,0,0,1,0
_,0,0,0,0,0
_,0,0,0,0,0
_,0,0,0,0,0
_,0,0,0,0,0
_,0,0,0,0,0
_,0,0,0,0,0
_,0,0,0,0,0
_,0,0,0,0,0
_,0,0,1,0,0
_,0,0,0,0,0
_,0,0,0,0,0
_,0,0,0,0,0
_,0,0,0,0,0
_,0,0,0,0,0
_,0,0,0,0,0
_,0,0,0,0,0
_,0,0,0,0,0
_,0,0,0,1,0
_,0,0,0,0,0
_,0,0,0,0,0
_,0,0,0,0,0
_,0,0,0,0,0
_,0,0,0,0,0
_,0,0,0,0,1
_,0,0,0,0,0
_,0,0,0,0,0
_,0,0,0,0,0
_,0,0,0,0,0
_,0,0,0,0,0
_,0,0,0,0,0
_,0,0,0,0,0
_,0,0,0,0,0
_,0,1,0,0,0
_,0,0,0,0,0
_,0,0,0,0,0
_,0,0,0,0,0
_,0,0,0,0,0
_,0,0,0,0,0
_,0,0,0,0,0
_,0,0,0,0,0
_,0,0,0,0,0
_,0,0,1,0,0
_,0,0,0,0,0
_,0,0,0,0,0
_,0,0,0,0,0
_,0,0,0,0,0
_,0,0,0,0,0
159,_,_,_,_,_
_,0,0,0,1,0
_,0,0,0,0,0
_,0,0,0,0,0
_,0,0,0,0,0
_,0,0,0,0,0
_,0,0,0,0,0
_,0,0,0,0,0
_,0,0,0,0,0
_,0,0,0,0,0
_,0,0,0,0,0
_,0,0,0,0,0
_,0,0,0,0,0
_,0,0,0,0,0
_,0,0,0,0,0
_,0,0,0,0,0
_,0,0,0,0,0
_,0,0,0,0,0
_,0,0,0,0,0
_,0,0,0,0,1
_,0,0,0,0,0
_,0,0,0,0,0
_,0,0,0,0,0
_,0,0,0,0,0
_,0,0,0,0,0
_,0,0,1,0,0
_,0,0,0,0,0
_,0,0,0,0,0
_,0,0,0,0,0
_,0,0,0,0,0
_,0,0,0,0,0
_,0,0,0,0,0
_,0,0,0,0,0
_,0,0,0,0,0
_,0,0,0,0,0
_,0,0,0,0,0
_,0,0,0,0,0
_,0,1,0,0,0
_,0,0,0,0,0
_,0,0,0,0,0
_,0,0,0,0,0
_,0,0,0,0,0
_,0,0,0,0,0
_,0,0,1,0,0
_,0,0,0,0,0
_,0,0,0,0,0
_,0,0,0,0,0
_,0,0,0,0,0
_,0,0,0,0,0
159,_,_,_,_,_
_,0,0,0,1,0
_,0,0,0,0,0
_,0,0,0,0,0
_,0,0,0,0,0
_,0,0,0,0,0
_,0,0,0,0,0
_,0,0,0,0,0
_,0,0,0,0,0
_,0,0,0,0,0
_,0,0,0,0,0
_,0,0,0,0,0
_,0,0,0,0,0
_,0,0,0,0,0
_,0,0,0,0,0
_,0,0,0,0,0
_,0,0,0,0,0
_,0,0,0,0,0
_,0,0,0,0,0
_,0,1,0,0,0
_,0,0,0,0,0
_,0,0,0,0,0
_,0,0,0,0,0
_,0,0,0,0,0
_,0,0,0,0,0
_,0,1,0,0,0
_,0,0,0,0,0
_,0,0,0,0,0
_,0,0,0,0,0
_,0,0,0,0,0
_,0,0,0,0,0
_,0,0,0,0,0
_,0,0,0,0,0
_,0,0,0,0,0
_,0,0,1,0,0
_,0,0,0,0,0
_,0,0,0,0,0
_,0,0,0,0,0
_,0,0,0,0,0
_,0,0,0,0,0
_,0,0,0,0,0
_,0,0,0,0,0
_,0,0,0,0,0
_,0,0,0,1,0
_,0,0,0,0,0
_,0,0,0,0,0
_,0,0,0,0,0
_,0,0,0,0,0
_,0,0,0,0,0
159,_,_,_,_,_
_,0,0,0,0,1
_,0,0,0,0,0
_,0,0,0,0,0
_,0,0,0,0,0
_,0,0,0,0,0
_,0,0,0,0,0
_,0,0,0,0,0
_,0,0,0,0,0
_,0,0,0,0,0
_,0,0,0,0,0
_,0,0,0,0,0
_,0,0,0,0,0
_,0,0,0,0,0
_,0,0,0,0,0
_,0,0,0,0,0
_,0,0,0,0,0
_,0,0,0,0,0
_,0,0,0,0,0
_,0,0,1,0,0
_,0,0,0,0,0
_,0,0,0,0,0
_,0,0,0,0,0
_,0,0,0,0,0
_,0,0,0,0,0
_,0,0,0,0,0
_,0,0,0,0,0
_,0,0,0,0,0
_,0,0,0,0,0
_,0,0,0,0,0
_,0,0,0,0,0
_,0,0,0,0,0
_,0,0,0,0,0
_,0,0,0,0,0
_,0,0,0,0,0
_,0,0,0,0,0
_,0,0,0,0,0
_,0,0,0,1,0
_,0,0,0,0,0
_,0,0,0,0,0
_,0,0,0,0,0
_,0,0,0,0,0
_,0,0,0,0,0
_,0,0,0,0,0
_,0,0,0,0,0
_,0,0,0,0,0
_,0,0,0,0,0
_,0,0,0,0,0
_,0,0,0,0,0
159,_,_,_,_,_
_,0,0,1,0,0
_,0,0,0,0,0
_,0,0,0,0,0
_,0,0,0,0,0
_,0,0,0,0,0
_,0,0,0,0,0
_,0,0,0,0,0
_,0,0,0,0,0
_,0,0,0,0,0
_,0,0,0,0,0
_,0,0,0,0,0
_,0,0,0,0,0
_,0,0,0,0,0
_,0,0,0,0,0
_,0,0,0,0,0
_,0,0,0,0,0
_,0,0,0,0,0
_,0,0,0,0,0
_,0,0,0,0,0
_,0,0,0,0,0
_,0,0,0,0,0
_,0,0,0,0,0
_,0,0,0,0,0
_,0,0,0,0,0
_,0,0,0,0,0
_,0,0,0,0,0
_,0,0,0,0,0
_,0,0,0,0,0
_,0,0,0,0,0
_,0,0,0,0,0
_,0,0,0,0,0
_,0,0,0,0,0
_,0,0,0,0,0
_,0,0,0,0,0
_,0,0,0,0,0
_,0,0,0,0,0
_,0,0,0,0,0
_,0,0,0,0,0
_,0,0,0,0,0
_,0,0,0,0,0
_,0,0,0,0,0
_,0,0,0,0,0
_,0,0,0,0,0
_,0,0,0,0,0
_,0,0,0,0,0
_,0,0,0,0,0
_,0,0,0,0,0
_,0,0,0,0,0
159,_,_,_,_,_
_,0,1,0,0,0
_,0,0,0,0,0
_,0,0,0,0,0
_,0,0,0,0,0
_,0,0,0,0,0
_,0,0,0,0,0
_,0,0,0,0,0
_,0,0,0,0,0
_,0,0,0,0,0
_,0,0,0,0,0
_,0,0,0,0,0
_,0,0,0,0,0
_,0,0,0,0,0
_,0,0,0,0,0
_,0,0,0,0,0
_,0,0,0,0,0
_,0,0,0,0,0
_,0,0,0,0,0
_,0,0,0,0,0
_,0,0,0,0,0
_,0,0,0,0,0
_,0,0,0,0,0
_,0,0,0,0,0
_,0,0,0,0,0
_,0,0,0,0,1
_,0,0,0,0,0
_,0,0,0,0,0
_,0,0,0,0,0
_,0,0,0,0,0
_,0,0,0,0,0
_,0,0,0,0,0
_,0,0,0,0,0
_,0,0,0,0,0
_,0,0,0,0,0
_,0,0,0,0,0
_,0,0,0,0,0
_,0,0,0,0,0
_,0,0,0,0,0
_,0,0,0,0,0
_,0,0,0,0,0
_,0,0,0,0,0
_,0,0,0,0,0
_,0,0,0,0,0
_,0,0,0,0,0
_,0,0,0,0,0
_,0,0,0,0,0
_,0,0,0,0,0
_,0,0,0,0,0
159,_,_,_,_,_
_,0,1,0,0,1
_,0,0,0,0,0
_,0,0,0,0,0
_,0,0,0,0,0
_,0,0,0,0,0
_,0,0,0,0,0
_,0,0,0,0,0
_,0,0,0,0,0
_,0,0,0,0,0
_,0,0,0,0,0
_,0,0,0,0,0
_,0,0,0,0,0
_,0,0,0,0,0
_,0,0,0,0,0
_,0,0,0,0,0
_,0,0,0,0,0
_,0,0,0,0,0
_,0,0,0,0,0
_,0,0,1,0,0
_,0,0,0,0,0
_,0,0,0,0,0
_,0,0,0,0,0
_,0,0,0,0,0
_,0,0,0,0,0
_,8,0,0,0,0
_,0,0,0,0,0
_,0,0,0,0,0
_,0,0,0,0,0
_,0,0,0,0,0
_,0,0,0,0,0
_,0,0,0,0,0
_,0,0,0,0,0
_,0,0,0,0,0
_,8,0,0,0,0
_,0,0,0,0,0
_,0,0,0,0,0
_,0,0,0,0,0
_,0,0,0,0,0
_,0,0,0,0,0
_,0,0,0,0,0
_,0,0,0,0,0
_,0,0,0,0,0
_,8,0,0,0,0
_,0,0,0,0,0
_,0,0,0,0,0
_,0,0,0,0,0
_,0,0,0,0,0
_,0,0,0,0,0
159,_,_,_,_,_
_,0,1,0,0,1
_,0,0,0,0,0
_,0,0,0,0,0
_,0,0,0,0,0
_,0,0,0,0,0
_,0,0,0,0,0
_,0,0,0,0,0
_,0,0,0,0,0
_,0,0,0,0,0
_,0,0,0,0,0
_,0,0,0,0,0
_,0,0,0,0,0
_,0,0,0,0,0
_,0,0,0,0,0
_,0,0,0,0,0
_,0,0,0,0,0
_,0,0,0,0,0
_,0,0,0,0,0
_,0,0,0,1,0
_,0,0,0,0,0
_,0,0,0,0,0
_,0,0,0,0,0
_,0,0,0,0,0
_,0,0,0,0,0
_,8,0,0,0,0
_,0,0,0,0,0
_,0,0,0,0,0
_,0,0,0,0,0
_,0,0,0,0,0
_,0,0,0,0,0
_,0,0,0,0,0
_,0,0,0,0,0
_,0,0,0,0,0
_,8,0,0,0,0
_,0,0,0,0,0
_,0,0,0,0,0
_,0,0,0,0,0
_,0,0,0,0,0
_,0,0,0,0,0
_,0,0,0,0,0
_,0,0,0,0,0
_,0,0,0,0,0
_,8,1,0,0,0
_,0,0,0,0,0
_,0,0,0,0,0
_,0,0,0,0,0
_,0,0,0,0,0
_,0,0,0,0,0
159,_,_,_,_,_
_,0,0,0,1,0
_,0,0,0,0,0
_,0,0,0,0,0
_,0,0,0,0,0
_,0,0,0,0,0
_,0,0,0,0,0
_,0,0,0,0,0
_,0,0,0,0,0
_,0,0,0,0,0
_,0,0,1,0,0
_,0,0,0,0,0
_,0,0,0,0,0
_,0,0,0,0,0
_,0,0,0,0,0
_,0,0,0,0,0
_,0,0,0,0,0
_,0,0,0,0,0
_,0,0,0,0,0
_,0,0,0,1,0
_,0,0,0,0,0
_,0,0,0,0,0
_,0,0,0,0,0
_,0,0,0,0,0
_,0,0,0,0,0
_,0,0,0,0,1
_,0,0,0,0,0
_,0,0,0,0,0
_,0,0,0,0,0
_,0,0,0,0,0
_,0,0,0,0,0
_,0,0,0,0,0
_,0,0,0,0,0
_,0,0,0,0,0
_,0,1,0,0,0
_,0,0,0,0,0
_,0,0,0,0,0
_,0,0,0,0,0
_,0,0,0,0,0
_,0,0,0,0,0
_,0,0,0,0,0
_,0,0,0,0,0
_,0,0,0,0,0
_,0,0,1,0,0
_,0,0,0,0,0
_,0,0,0,0,0
_,0,0,0,0,0
_,0,0,0,0,0
_,0,0,0,0,0
159,_,_,_,_,_
_,0,0,0,1,0
_,0,0,0,0,0
_,0,0,0,0,0
_,0,0,0,0,0
_,0,0,0,0,0
_,0,0,0,0,0
_,0,0,0,0,0
_,0,0,0,0,0
_,0,0,0,0,0
_,0,0,0,0,0
_,0,0,0,0,0
_,0,0,0,0,0
_,0,0,0,0,0
_,0,0,0,0,0
_,0,0,0,0,0
_,0,0,0,0,0
_,0,0,0,0,0
_,0,0,0,0,0
_,0,0,0,0,1
_,0,0,0,0,0
_,0,0,0,0,0
_,0,0,0,0,0
_,0,0,0,0,0
_,0,0,0,0,0
_,0,0,1,0,0
_,0,0,0,0,0
_,0,0,0,0,0
_,0,0,0,0,0
_,0,0,0,0,0
_,0,0,0,0,0
_,0,0,0,0,0
_,0,0,0,0,0
_,0,0,0,0,0
_,0,0,0,0,0
_,0,0,0,0,0
_,0,0,0,0,0
_,0,1,0,0,0
_,0,0,0,0,0
_,0,0,0,0,0
_,0,0,0,0,0
_,0,0,0,0,0
_,0,0,0,0,0
_,0,0,1,0,0
_,0,0,0,0,0
_,0,0,0,0,0
_,0,0,0,0,0
_,0,0,0,0,0
_,0,0,0,0,0
159,_,_,_,_,_
_,0,0,0,1,0
_,0,0,0,0,0
_,0,0,0,0,0
_,0,0,0,0,0
_,0,0,0,0,0
_,0,0,0,0,0
_,0,0,0,0,0
_,0,0,0,0,0
_,0,0,0,0,0
_,0,0,0,0,0
_,0,0,0,0,0
_,0,0,0,0,0
_,0,0,0,0,0
_,0,0,0,0,0
_,0,0,0,0,0
_,0,0,0,0,0
_,0,0,0,0,0
_,0,0,0,0,0
_,0,1,0,0,0
_,0,0,0,0,0
_,0,0,0,0,0
_,0,0,0,0,0
_,0,0,0,0,0
_,0,0,0,0,0
_,0,1,0,0,0
_,0,0,0,0,0
_,0,0,0,0,0
_,0,0,0,0,0
_,0,0,0,0,0
_,0,0,0,0,0
_,0,0,0,0,0
_,0,0,0,0,0
_,0,0,0,0,0
_,0,0,1,0,0
_,0,0,0,0,0
_,0,0,0,0,0
_,0,0,0,0,0
_,0,0,0,0,0
_,0,0,0,0,0
_,0,0,0,0,0
_,0,0,0,0,0
_,0,0,0,0,0
_,0,0,0,1,0
_,0,0,0,0,0
_,0,0,0,0,0
_,0,0,0,0,0
_,0,0,0,0,0
_,0,0,0,0,0
159,_,_,_,_,_
_,0,0,0,0,1
_,0,0,0,0,0
_,0,0,0,0,0
_,0,0,0,0,0
_,0,0,0,0,0
_,0,0,0,0,0
_,0,0,0,0,0
_,0,0,0,0,0
_,0,0,0,0,0
_,0,0,0,0,0
_,0,0,0,0,0
_,0,0,0,0,0
_,0,0,0,0,0
_,0,0,0,0,0
_,0,0,0,0,0
_,0,0,0,0,0
_,0,0,0,0,0
_,0,0,0,0,0
_,0,0,1,0,0
_,0,0,0,0,0
_,0,0,0,0,0
_,0,0,0,0,0
_,0,0,0,0,0
_,0,0,0,0,0
_,0,0,0,0,0
_,0,0,0,0,0
_,0,0,0,0,0
_,0,0,0,0,0
_,0,0,0,0,0
_,0,0,0,0,0
_,0,0,0,0,0
_,0,0,0,0,0
_,0,0,0,0,0
_,0,0,0,0,0
_,0,0,0,0,0
_,0,0,0,0,0
_,0,0,0,1,0
_,0,0,0,0,0
_,0,0,0,0,0
_,0,0,0,0,0
_,0,0,0,0,0
_,0,0,0,0,0
_,0,0,0,0,0
_,0,0,0,0,0
_,0,0,0,0,0
_,0,0,0,0,0
_,0,0,0,0,0
_,0,0,0,0,0
159,_,_,_,_,_
_,2,0,0,0,1
_,0,0,0,0,0
_,0,0,0,0,0
_,0,0,0,0,0
_,0,0,0,0,0
_,0,0,0,0,0
_,0,0,0,0,0
_,0,0,0,0,0
_,0,0,0,0,0
_,0,0,0,0,0
_,0,0,0,0,0
_,0,0,0,0,0
_,2,0,0,0,0
_,0,0,0,0,0
_,0,0,0,0,0
_,0,0,0,0,0
_,0,0,0,0,0
_,0,0,0,0,0
_,0,0,0,0,0
_,0,0,0,0,0
_,0,0,0,0,0
_,0,0,0,0,0
_,0,0,0,0,0
_,0,0,0,0,0
_,2,0,0,0,0
_,0,0,0,0,0
_,0,0,0,0,0
_,0,0,0,0,0
_,0,0,0,0,0
_,0,0,0,0,0
_,0,0,0,0,0
_,0,0,0,0,0
_,0,0,0,0,0
_,0,0,0,0,0
_,0,0,0,0,0
_,0,0,0,0,0
_,2,0,0,0,0
_,0,0,0,0,0
_,0,0,0,0,0
_,0,0,0,0,0
_,0,0,0,0,0
_,0,0,0,0,0
_,0,0,0,0,0
_,0,0,0,0,0
_,0,0,0,0,0
_,0,0,0,0,0
_,0,0,0,0,0
_,0,0,0,0,0
159,_,_,_,_,_
_,2,0,0,0,0
_,0,0,0,0,0
_,0,0,0,0,0
_,0,0,0,0,0
_,0,0,0,0,0
_,0,0,0,0,0
_,0,0,0,0,0
_,0,0,0,0,0
_,0,0,0,0,0
_,0,0,0,0,0
_,0,0,0,0,0
_,0,0,0,0,0
_,0,0,0,0,0
_,0,0,0,0,0
_,0,0,0,0,0
_,0,0,0,0,0
_,0,0,0,0,0
_,0,0,0,0,0
_,0,0,0,0,0
_,0,0,0,0,0
_,0,0,0,0,0
_,0,0,0,0,0
_,0,0,0,0,0
_,0,0,0,0,0
_,0,0,0,0,0
_,0,0,0,0,0
_,0,0,0,0,0
_,0,0,0,0,0
_,0,0,0,0,0
_,0,0,0,0,0
_,0,0,0,0,0
_,0,0,0,0,0
_,0,0,0,0,0
_,0,0,0,0,0
_,0,0,0,0,0
_,0,0,0,0,0
_,6,0,0,0,0
_,0,0,0,0,0
_,0,0,0,0,0
_,0,0,0,0,0
_,0,0,0,0,0
_,0,0,0,0,0
_,0,0,0,0,0
_,0,0,0,0,0
_,0,0,0,0,0
_,0,0,0,0,0
_,0,0,0,0,0
_,0,0,0,0,0
159,_,_,_,_,_
_,0,0,0,0,1
_,0,0,0,0,0
_,0,0,0,0,0
_,0,0,0,0,0
_,0,0,0,0,0
_,0,0,0,0,0
_,0,0,0,1,0
_,0,0,0,0,0
_,0,0,0,0,0
_,0,0,0,0,0
_,0,0,0,0,0
_,0,0,0,0,0
_,0,1,0,0,0
_,0,0,0,0,0
_,0,0,0,0,0
_,0,0,0,0,0
_,0,0,0,0,0
_,0,0,0,0,0
_,0,0,0,1,0
_,0,0,0,0,0
_,0,0,0,0,0
_,0,0,0,0,0
_,0,0,0,0,0
_,0,0,0,0,0
_,0,0,0,0,1
_,0,0,0,0,0
_,0,0,0,0,0
_,0,0,0,0,0
_,0,0,0,0,0
_,0,0,0,0,0
_,0,0,0,1,0
_,0,0,0,0,0
_,0,0,0,0,0
_,0,0,0,0,0
_,0,0,0,0,0
_,0,0,0,0,0
_,0,0,1,0,0
_,0,0,0,0,0
_,0,0,0,0,0
_,0,0,0,0,0
_,0,0,0,0,0
_,0,0,0,0,0
_,0,0,0,0,1
_,0,0,0,0,0
_,0,0,0,0,0
_,0,0,0,0,0
_,0,0,0,0,0
_,0,0,0,0,0
159,_,_,_,_,_
_,0,0,0,0,0
_,0,0,0,0,0
_,0,0,0,0,0
_,0,0,0,0,0
_,0,0,0,0,0
_,0,0,0,0,0
_,0,0,0,1,0
_,0,0,0,0,0
_,0,0,0,0,0
_,0,0,0,0,0
_,0,0,0,0,0
_,0,0,0,0,0
_,0,1,0,0,0
_,0,0,0,0,0
_,0,0,0,0,0
_,0,0,0,0,0
_,0,0,0,0,0
_,0,0,0,0,0
_,0,0,0,1,0
_,0,0,0,0,0
_,0,0,0,0,0
_,0,0,0,0,0
_,0,0,0,0,0
_,0,0,0,0,0
_,0,0,1,0,0
_,0,0,0,0,0
_,0,0,0,0,0
_,0,0,0,0,0
_,0,0,0,0,0
_,0,0,0,0,0
_,0,0,0,1,0
_,0,0,0,0,0
_,0,0,0,0,0
_,0,0,0,0,0
_,0,0,0,0,0
_,0,0,0,0,0
_,0,1,0,0,0
_,0,0,0,0,0
_,0,0,0,0,0
_,0,0,0,0,0
_,0,0,0,0,0
_,0,0,0,0,0
_,0,0,0,1,0
_,0,0,0,0,0
_,0,0,0,0,0
_,0,0,0,0,0
_,0,0,0,0,0
_,0,0,0,0,0
159,_,_,_,_,_
_,0,0,0,0,1
_,0,0,0,0,0
_,0,0,0,0,0
_,0,0,0,0,0
_,0,0,0,0,0
_,0,0,0,0,0
_,0,0,1,0,0
_,0,0,0,0,0
_,0,0,0,0,0
_,0,0,0,0,0
_,0,0,0,0,0
_,0,0,0,0,0
_,0,0,0,1,0
_,0,0,0,0,0
_,0,0,0,0,0
_,0,0,0,0,0
_,0,0,0,0,0
_,0,0,0,0,0
_,0,1,0,0,0
_,0,0,0,0,0
_,0,0,0,0,0
_,0,0,0,0,0
_,0,0,0,0,0
_,0,0,0,0,0
_,0,0,0,0,1
_,0,0,0,0,0
_,0,0,0,0,0
_,0,0,0,0,0
_,0,0,0,0,0
_,0,0,0,0,0
_,0,0,0,0,0
_,0,0,0,0,0
_,0,0,0,0,0
_,0,0,0,1,0
_,0,0,0,0,0
_,0,0,0,0,0
_,0,0,0,0,0
_,0,0,0,0,0
_,0,0,0,0,0
_,0,0,1,0,0
_,0,0,0,0,0
_,0,0,0,0,0
_,0,0,0,0,0
_,0,0,0,0,0
_,0,0,0,0,0
_,0,0,0,0,0
_,0,0,0,0,0
_,0,0,0,0,0
159,_,_,_,_,_
_,0,1,0,0,0
_,0,0,0,0,0
_,0,0,0,0,0
_,0,0,0,0,0
_,0,0,0,0,0
_,0,0,0,0,0
_,0,0,0,1,0
_,0,0,0,0,0
_,0,0,0,0,0
_,0,0,0,0,0
_,0,0,0,0,0
_,0,0,0,0,0
_,0,0,1,0,0
_,0,0,0,0,0
_,0,0,0,0,0
_,0,0,0,0,0
_,0,0,0,0,0
_,0,0,0,0,0
_,0,0,1,0,0
_,0,0,0,0,0
_,0,0,0,0,0
_,0,0,0,0,0
_,0,0,0,0,0
_,0,0,0,0,0
_,0,1,0,0,0
_,0,0,0,0,0
_,0,0,0,0,0
_,0,0,0,0,1
_,0,0,0,0,0
_,0,0,0,0,0
_,0,0,0,1,0
_,0,0,0,0,0
_,0,0,0,0,0
_,0,0,1,0,0
_,0,0,0,0,0
_,0,0,0,0,0
_,0,1,0,0,0
_,0,0,0,0,0
_,0,0,0,0,0
_,0,0,0,0,0
_,0,0,0,0,0
_,0,0,0,0,0
_,0,0,1,0,0
_,0,0,0,0,0
_,0,0,0,0,0
_,0,0,0,0,0
_,0,0,0,0,0
_,0,0,0,0,0
159,_,_,_,_,_
_,0,0,0,0,1
_,0,0,0,0,0
_,0,0,0,0,0
_,0,0,0,0,0
_,0,0,0,0,0
_,0,0,0,0,0
_,0,0,0,1,0
_,0,0,0,0,0
_,0,0,0,0,0
_,0,0,0,0,0
_,0,0,0,0,0
_,0,0,0,0,0
_,0,1,0,0,0
_,0,0,0,0,0
_,0,0,0,0,0
_,0,0,0,0,0
_,0,0,0,0,0
_,0,0,0,0,0
_,0,0,0,1,0
_,0,0,0,0,0
_,0,0,0,0,0
_,0,0,0,0,0
_,0,0,0,0,0
_,0,0,0,0,0
_,0,0,0,0,1
_,0,0,0,0,0
_,0,0,0,0,0
_,0,0,0,0,0
_,0,0,0,0,0
_,0,0,0,0,0
_,0,0,0,1,0
_,0,0,0,0,0
_,0,0,0,0,0
_,0,0,0,0,0
_,0,0,0,0,0
_,0,0,0,0,0
_,0,0,1,0,0
_,0,0,0,0,0
_,0,0,0,0,0
_,0,0,0,0,0
_,0,0,0,0,0
_,0,0,0,0,0
_,0,0,0,0,1
_,0,0,0,0,0
_,0,0,0,0,0
_,0,0,0,0,0
_,0,0,0,0,0
_,0,0,0,0,0
159,_,_,_,_,_
_,0,0,0,0,0
_,0,0,0,0,0
_,0,0,0,0,0
_,0,0,0,0,0
_,0,0,0,0,0
_,0,0,0,0,0
_,0,0,0,1,0
_,0,0,0,0,0
_,0,0,0,0,0
_,0,0,0,0,0
_,0,0,0,0,0
_,0,0,0,0,0
_,0,1,0,0,0
_,0,0,0,0,0
_,0,0,0,0,0
_,0,0,0,0,0
_,0,0,0,0,0
_,0,0,0,0,0
_,0,0,0,1,0
_,0,0,0,0,0
_,0,0,0,0,0
_,0,0,0,0,0
_,0,0,0,0,0
_,0,0,0,0,0
_,0,0,0,0,1
_,0,0,0,0,0
_,0,0,0,0,0
_,0,0,0,0,0
_,0,0,0,0,0
_,0,0,0,0,0
_,0,0,0,1,0
_,0,0,0,0,0
_,0,0,0,0,0
_,0,0,0,0,0
_,0,0,0,0,0
_,0,0,0,0,0
_,0,1,0,0,0
_,0,0,0,0,0
_,0,0,0,0,0
_,0,0,0,0,0
_,0,0,0,0,0
_,0,0,0,0,0
_,0,0,0,1,0
_,0,0,0,0,0
_,0,0,0,0,0
_,0,0,0,0,0
_,0,0,0,0,0
_,0,0,0,0,0
159,_,_,_,_,_
_,0,0,0,0,1
_,0,0,0,0,0
_,0,0,0,0,0
_,0,0,0,0,0
_,0,0,0,0,0
_,0,0,0,0,0
_,0,0,1,0,0
_,0,0,0,0,0
_,0,0,0,0,0
_,0,0,0,0,0
_,0,0,0,0,0
_,0,0,0,0,0
_,0,0,0,1,0
_,0,0,0,0,0
_,0,0,0,0,0
_,0,0,0,0,0
_,0,0,0,0,0
_,0,0,0,0,0
_,0,0,1,0,0
_,0,0,0,0,0
_,0,0,0,0,0
_,0,0,0,0,0
_,0,0,0,0,0
_,0,0,0,0,0
_,0,0,0,0,1
_,0,0,0,0,0
_,0,0,0,0,0
_,0,0,0,0,0
_,0,0,0,0,0
_,0,0,0,0,0
_,0,0,0,0,0
_,0,0,0,0,0
_,0,0,0,0,0
_,0,0,0,1,0
_,0,0,0,0,0
_,0,0,0,0,0
_,0,0,0,0,0
_,0,0,0,0,0
_,0,0,0,0,0
_,0,0,1,0,0
_,0,0,0,0,0
_,0,0,0,0,0
_,0,0,0,0,0
_,0,0,0,0,0
_,0,0,0,0,0
_,0,0,0,0,0
_,0,0,0,0,0
_,0,0,0,0,0
159,_,_,_,_,_
_,0,1,0,0,0
_,0,0,0,0,0
_,0,0,0,0,0
_,0,0,0,0,0
_,0,0,0,0,0
_,0,0,0,0,0
_,0,0,0,1,0
_,0,0,0,0,0
_,0,0,0,0,0
_,0,0,0,0,0
_,0,0,0,0,0
_,0,0,0,0,0
_,0,0,1,0,0
_,0,0,0,0,0
_,0,0,0,0,0
_,0,0,0,1,0
_,0,0,0,0,0
_,0,0,0,0,0
_,0,0,1,0,0
_,0,0,0,0,0
_,0,0,0,0,0
_,0,0,0,1,0
_,0,0,0,0,0
_,0,0,0,0,0
_,0,0,0,0,1
_,0,0,0,0,0
_,0,0,0,0,0
_,0,0,0,0,0
_,0,0,0,0,0
_,0,0,0,0,0
_,0,0,0,0,0
_,0,0,0,0,0
_,0,0,0,0,0
_,0,0,0,0,0
_,0,0,0,0,0
_,0,0,0,0,0
_,0,0,0,0,0
_,0,0,0,0,0
_,0,0,0,0,0
_,0,0,0,0,0
_,0,0,0,0,0
_,0,0,0,0,0
_,0,0,0,0,0
_,0,0,0,0,0
_,0,0,0,0,0
_,0,0,0,0,0
_,0,0,0,0,0
_,0,0,0,0,0
159,_,_,_,_,_
_,2,0,0,0,0
_,0,0,0,0,0
_,0,0,0,0,0
_,0,0,0,0,0
_,0,0,0,0,0
_,0,0,0,0,0
_,0,0,0,0,0
_,0,0,0,0,0
_,0,0,0,0,0
_,0,0,0,0,0
_,0,0,0,0,0
_,0,0,0,0,0
_,2,0,0,0,0
_,0,0,0,0,0
_,0,0,0,0,0
_,0,0,0,0,0
_,0,0,0,0,0
_,0,0,0,0,0
_,0,0,0,0,0
_,0,0,0,0,0
_,0,0,0,0,0
_,0,0,0,0,0
_,0,0,0,0,0
_,0,0,0,0,0
_,2,0,0,0,0
_,0,0,0,0,0
_,0,0,0,0,0
_,0,0,0,0,0
_,0,0,0,0,0
_,0,0,0,0,0
_,0,0,0,0,0
_,0,0,0,0,0
_,0,0,0,0,0
_,0,0,0,0,0
_,0,0,0,0,0
_,0,0,0,0,0
_,2,0,0,0,0
_,0,0,0,0,0
_,0,0,0,0,0
_,0,0,0,0,0
_,0,0,0,0,0
_,0,0,0,0,0
_,0,0,0,0,0
_,0,0,0,0,0
_,0,0,0,0,0
_,0,0,0,0,0
_,0,0,0,0,0
_,0,0,0,0,0
159,_,_,_,_,_
_,2,0,0,0,0
_,0,0,0,0,0
_,0,0,0,0,0
_,0,0,0,0,0
_,0,0,0,0,0
_,0,0,0,0,0
_,0,0,0,0,0
_,0,0,0,0,0
_,0,0,0,0,0
_,0,0,0,0,0
_,0,0,0,0,0
_,0,0,0,0,0
_,2,0,0,0,0
_,0,0,0,0,0
_,0,0,0,0,0
_,0,0,0,0,0
_,0,0,0,0,0
_,0,0,0,0,0
_,0,0,0,0,0
_,0,0,0,0,0
_,0,0,0,0,0
_,0,0,0,0,0
_,0,0,0,0,0
_,0,0,0,0,0
_,2,0,0,0,0
_,0,0,0,0,0
_,0,0,0,0,0
_,0,0,0,0,0
_,0,0,0,0,0
_,0,0,0,0,0
_,0,0,0,0,0
_,0,0,0,0,0
_,0,0,0,0,0
_,0,0,0,0,0
_,0,0,0,0,0
_,0,0,0,0,0
_,2,0,0,0,0
_,0,0,0,0,0
_,0,0,0,0,0
_,0,0,0,0,0
_,0,0,0,0,0
_,0,0,0,0,0
_,2,0,0,0,0
_,0,0,0,0,0
_,0,0,0,0,0
_,0,0,0,0,0
_,0,0,0,0,0
_,0,0,0,0,0
159,_,_,_,_,_
_,0,0,0,0,1
_,0,0,0,0,0
_,0,0,0,0,0
_,0,0,0,0,0
_,0,0,0,0,0
_,0,0,0,0,0
_,0,0,0,0,0
_,0,0,0,0,0
_,0,0,0,0,0
_,0,0,0,0,0
_,0,0,0,0,0
_,0,0,0,0,0
_,0,0,0,0,1
_,0,0,0,0,0
_,0,0,0,0,0
_,0,0,0,0,0
_,0,0,0,0,0
_,0,0,0,0,0
_,0,0,0,0,0
_,0,0,0,0,0
_,0,0,0,0,0
_,0,0,0,0,0
_,0,0,0,0,0
_,0,0,0,0,0
_,0,0,0,0,1
_,0,0,0,0,0
_,0,0,0,0,0
_,0,0,0,0,0
_,0,0,0,0,0
_,0,0,0,0,0
_,0,0,0,0,0
_,0,0,0,0,0
_,0,0,0,0,0
_,0,0,0,0,0
_,0,0,0,0,0
_,0,0,0,0,0
_,0,0,0,0,1
_,0,0,0,0,0
_,0,0,0,0,0
_,0,0,0,0,0
_,0,0,0,0,0
_,0,0,0,0,0
_,0,0,0,0,0
_,0,0,0,0,0
_,0,0,0,0,0
_,0,0,0,0,0
_,0,0,0,0,0
_,0,0,0,0,0
159,_,_,_,_,_
_,0,0,0,0,1
_,0,0,0,0,0
_,0,0,0,0,0
_,0,0,0,0,0
_,0,0,0,0,0
_,0,0,0,0,0
_,0,0,0,0,0
_,0,0,0,0,0
_,0,0,0,0,0
_,0,0,0,0,0
_,0,0,0,0,0
_,0,0,0,0,0
_,0,0,0,0,1
_,0,0,0,0,0
_,0,0,0,0,0
_,0,0,0,0,0
_,0,0,0,0,0
_,0,0,0,0,0
_,0,0,0,0,0
_,0,0,0,0,0
_,0,0,0,0,0
_,0,0,0,0,0
_,0,0,0,0,0
_,0,0,0,0,0
_,0,0,0,0,1
_,0,0,0,0,0
_,0,0,0,0,0
_,0,0,0,0,0
_,0,0,0,0,0
_,0,0,0,0,0
_,0,0,0,0,1
_,0,0,0,0,0
_,0,0,0,0,0
_,0,0,0,0,0
_,0,0,0,0,0
_,0,0,0,0,0
_,0,0,0,0,1
_,0,0,0,0,0
_,0,0,0,0,0
_,0,0,0,0,0
_,0,0,0,0,0
_,0,0,0,0,0
_,0,0,0,0,0
_,0,0,0,0,0
_,0,0,0,0,0
_,0,0,0,0,0
_,0,0,0,0,0
_,0,0,0,0,0
159,_,_,_,_,_
_,8,0,0,0,0
_,0,0,0,0,0
_,0,0,0,0,0
_,0,0,0,0,0
_,0,0,0,0,0
_,0,0,0,0,0
_,0,0,0,0,0
_,0,0,0,0,0
_,0,0,0,0,0
_,0,0,0,0,0
_,0,0,0,0,0
_,0,0,0,0,0
_,8,0,0,0,0
_,0,0,0,0,0
_,0,0,0,0,0
_,0,0,0,0,0
_,0,0,0,0,0
_,0,0,0,0,0
_,0,0,0,0,0
_,0,0,0,0,0
_,0,0,0,0,0
_,0,0,0,0,0
_,0,0,0,0,0
_,0,0,0,0,0
_,8,0,0,0,0
_,0,0,0,0,0
_,0,0,0,0,0
_,0,0,0,0,0
_,0,0,0,0,0
_,0,0,0,0,0
_,0,0,0,0,0
_,0,0,0,0,0
_,0,0,0,0,0
_,0,0,0,0,0
_,0,0,0,0,0
_,0,0,0,0,0
_,8,0,0,0,0
_,0,0,0,0,0
_,0,0,0,0,0
_,0,0,0,0,0
_,0,0,0,0,0
_,0,0,0,0,0
_,0,0,0,0,0
_,0,0,0,0,0
_,0,0,0,0,0
_,0,0,0,0,0
_,0,0,0,0,0
_,0,0,0,0,0
159,_,_,_,_,_
_,8,0,0,0,0
_,0,0,0,0,0
_,0,0,0,0,0
_,0,0,0,0,0
_,0,0,0,0,0
_,0,0,0,0,0
_,0,0,0,0,0
_,0,0,0,0,0
_,0,0,0,0,0
_,0,0,0,0,0
_,0,0,0,0,0
_,0,0,0,0,0
_,8,0,0,0,0
_,0,0,0,0,0
_,0,0,0,0,0
_,0,0,0,0,0
_,0,0,0,0,0
_,0,0,0,0,0
_,0,0,0,0,0
_,0,0,0,0,0
_,0,0,0,0,0
_,0,0,0,0,0
_,0,0,0,0,0
_,0,0,0,0,0
_,8,0,0,0,0
_,0,0,0,0,0
_,0,0,0,0,0
_,0,0,0,0,0
_,0,0,0,0,0
_,0,0,0,0,0
_,0,0,0,0,0
_,0,0,0,0,0
_,0,0,0,0,0
_,0,0,0,0,0
_,0,0,0,0,0
_,0,0,0,0,0
_,8,0,0,0,0
_,0,0,0,0,0
_,0,0,0,0,0
_,0,0,0,0,0
_,0,0,0,0,0
_,0,0,0,0,0
_,8,0,0,0,0
_,0,0,0,0,0
_,0,0,0,0,0
_,0,0,0,0,0
_,0,0,0,0,0
_,0,0,0,0,0
159,_,_,_,_,_
_,0,1,0,0,0
_,0,0,0,0,0
_,0,0,0,0,0
_,0,0,0,0,0
_,0,0,0,0,0
_,0,0,0,0,0
_,0,0,0,0,0
_,0,0,0,0,0
_,0,0,0,0,0
_,0,0,0,0,0
_,0,0,0,0,0
_,0,0,0,0,0
_,0,1,0,0,0
_,0,0,0,0,0
_,0,0,0,0,0
_,0,0,0,0,0
_,0,0,0,0,0
_,0,0,0,0,0
_,0,0,0,0,0
_,0,0,0,0,0
_,0,0,0,0,0
_,0,0,0,0,0
_,0,0,0,0,0
_,0,0,0,0,0
_,0,1,0,0,0
_,0,0,0,0,0
_,0,0,0,0,0
_,0,0,0,0,0
_,0,0,0,0,0
_,0,0,0,0,0
_,0,0,0,0,0
_,0,0,0,0,0
_,0,0,0,0,0
_,0,0,0,0,0
_,0,0,0,0,0
_,0,0,0,0,0
_,0,1,0,0,0
_,0,0,0,0,0
_,0,0,0,0,0
_,0,0,0,0,0
_,0,0,0,0,0
_,0,0,0,0,0
_,0,0,0,0,0
_,0,0,0,0,0
_,0,0,0,0,0
_,0,0,0,0,0
_,0,0,0,0,0
_,0,0,0,0,0
159,_,_,_,_,_
_,0,1,0,0,0
_,0,0,0,0,0
_,0,0,0,0,0
_,0,0,0,0,0
_,0,0,0,0,0
_,0,0,0,0,0
_,0,0,0,0,0
_,0,0,0,0,0
_,0,0,0,0,0
_,0,0,0,0,0
_,0,0,0,0,0
_,0,0,0,0,0
_,0,1,0,0,0
_,0,0,0,0,0
_,0,0,0,0,0
_,0,0,0,0,0
_,0,0,0,0,0
_,0,0,0,0,0
_,0,0,0,0,0
_,0,0,0,0,0
_,0,0,0,0,0
_,0,0,0,0,0
_,0,0,0,0,0
_,0,0,0,0,0
_,0,1,0,0,0
_,0,0,0,0,0
_,0,0,0,0,0
_,0,0,0,0,0
_,0,0,0,0,0
_,0,0,0,0,0
_,0,0,0,0,0
_,0,0,0,0,0
_,0,0,0,0,0
_,0,0,0,0,0
_,0,0,0,0,0
_,0,0,0,0,0
_,0,1,0,0,0
_,0,0,0,0,0
_,0,0,0,0,0
_,0,0,0,0,0
_,0,0,0,0,0
_,0,0,0,0,0
_,0,0,0,0,0
_,0,0,0,0,0
_,0,0,0,0,0
_,0,0,0,0,0
_,0,0,0,0,0
_,0,0,0,0,0
159,_,_,_,_,_
_,0,0,0,0,1
_,0,0,0,0,0
_,0,0,0,0,0
_,0,0,0,0,0
_,0,0,0,0,0
_,0,0,0,0,0
_,0,0,0,1,0
_,0,0,0,0,0
_,0,0,0,0,0
_,0,0,0,0,0
_,0,0,0,0,0
_,0,0,0,0,0
_,0,1,0,0,0
_,0,0,0,0,0
_,0,0,0,0,0
_,0,0,0,0,0
_,0,0,0,0,0
_,0,0,0,0,0
_,0,0,0,1,0
_,0,0,0,0,0
_,0,0,0,0,0
_,0,0,0,0,0
_,0,0,0,0,0
_,0,0,0,0,0
_,0,0,0,0,1
_,0,0,0,0,0
_,0,0,0,0,0
_,0,0,0,0,0
_,0,0,0,0,0
_,0,0,0,0,0
_,0,0,0,1,0
_,0,0,0,0,0
_,0,0,0,0,0
_,0,0,0,0,0
_,0,0,0,0,0
_,0,0,0,0,0
_,0,0,1,0,0
_,0,0,0,0,0
_,0,0,0,0,0
_,0,0,0,0,0
_,0,0,0,0,0
_,0,0,0,0,0
_,0,0,0,0,1
_,0,0,0,0,0
_,0,0,0,0,0
_,0,0,0,0,0
_,0,0,0,0,0
_,0,0,0,0,0
159,_,_,_,_,_
_,0,0,0,0,0
_,0,0,0,0,0
_,0,0,0,0,0
_,0,0,0,0,0
_,0,0,0,0,0
_,0,0,0,0,0
_,0,0,0,1,0
_,0,0,0,0,0
_,0,0,0,0,0
_,0,0,0,0,0
_,0,0,0,0,0
_,0,0,0,0,0
_,0,1,0,0,0
_,0,0,0,0,0
_,0,0,0,0,0
_,0,0,0,0,0
_,0,0,0,0,0
_,0,0,0,0,0
_,0,0,0,1,0
_,0,0,0,0,0
_,0,0,0,0,0
_,0,0,0,0,0
_,0,0,0,0,0
_,0,0,0,0,0
_,0,0,1,0,0
_,0,0,0,0,0
_,0,0,0,0,0
_,0,0,0,0,0
_,0,0,0,0,0
_,0,0,0,0,0
_,0,0,0,1,0
_,0,0,0,0,0
_,0,0,0,0,0
_,0,0,0,0,0
_,0,0,0,0,0
_,0,0,0,0,0
_,0,1,0,0,0
_,0,0,0,0,0
_,0,0,0,0,0
_,0,0,0,0,0
_,0,0,0,0,0
_,0,0,0,0,0
_,0,0,0,1,0
_,0,0,0,0,0
_,0,0,0,0,0
_,0,0,0,0,0
_,0,0,0,0,0
_,0,0,0,0,0
159,_,_,_,_,_
_,0,0,0,0,1
_,0,0,0,0,0
_,0,0,0,0,0
_,0,0,0,0,0
_,0,0,0,0,0
_,0,0,0,0,0
_,0,0,1,0,0
_,0,0,0,0,0
_,0,0,0,0,0
_,0,0,0,0,0
_,0,0,0,0,0
_,0,0,0,0,0
_,0,0,0,1,0
_,0,0,0,0,0
_,0,0,0,0,0
_,0,0,0,0,0
_,0,0,0,0,0
_,0,0,0,0,0
_,0,1,0,0,0
_,0,0,0,0,0
_,0,0,0,0,0
_,0,0,0,0,0
_,0,0,0,0,0
_,0,0,0,0,0
_,0,0,0,0,1
_,0,0,0,0,0
_,0,0,0,0,0
_,0,0,0,0,0
_,0,0,0,0,0
_,0,0,0,0,0
_,0,0,0,0,0
_,0,0,0,0,0
_,0,0,0,0,0
_,0,0,0,1,0
_,0,0,0,0,0
_,0,0,0,0,0
_,0,0,0,0,0
_,0,0,0,0,0
_,0,0,0,0,0
_,0,0,1,0,0
_,0,0,0,0,0
_,0,0,0,0,0
_,0,0,0,0,0
_,0,0,0,0,0
_,0,0,0,0,0
_,0,0,0,0,0
_,0,0,0,0,0
_,0,0,0,0,0
159,_,_,_,_,_
_,0,1,0,0,0
_,0,0,0,0,0
_,0,0,0,0,0
_,0,0,0,0,0
_,0,0,0,0,0
_,0,0,0,0,0
_,0,0,0,1,0
_,0,0,0,0,0
_,0,0,0,0,0
_,0,0,0,0,0
_,0,0,0,0,0
_,0,0,0,0,0
_,0,0,1,0,0
_,0,0,0,0,0
_,0,0,0,0,0
_,0,0,0,1,0
_,0,0,0,0,0
_,0,0,0,0,0
_,0,0,1,0,0
_,0,0,0,0,0
_,0,0,0,0,0
_,0,0,0,1,0
_,0,0,0,0,0
_,0,0,0,0,0
_,0,1,0,0,0
_,0,0,0,0,0
_,0,0,0,0,0
_,0,0,0,0,1
_,0,0,0,0,0
_,0,0,0,0,0
_,0,0,0,1,0
_,0,0,0,0,0
_,0,0,0,0,0
_,0,0,1,0,0
_,0,0,0,0,0
_,0,0,0,0,0
_,0,1,0,0,0
_,0,0,0,0,0
_,0,0,0,0,0
_,0,0,0,0,0
_,0,0,0,0,0
_,0,0,0,0,0
_,0,0,1,0,0
_,0,0,0,0,0
_,0,0,0,0,0
_,0,0,0,0,0
_,0,0,0,0,0
_,0,0,0,0,0
159,_,_,_,_,_
_,0,0,0,0,1
_,0,0,0,0,0
_,0,0,0,0,0
_,0,0,0,0,0
_,0,0,0,0,0
_,0,0,0,0,0
_,0,0,0,1,0
_,0,0,0,0,0
_,0,0,0,0,0
_,0,0,0,0,0
_,0,0,0,0,0
_,0,0,0,0,0
_,0,1,0,0,0
_,0,0,0,0,0
_,0,0,0,0,0
_,0,0,0,0,0
_,0,0,0,0,0
_,0,0,0,0,0
_,0,0,0,1,0
_,0,0,0,0,0
_,0,0,0,0,0
_,0,1,0,0,0
_,0,0,0,0,0
_,0,0,0,0,0
_,0,0,0,0,1
_,0,0,0,0,0
_,0,0,0,0,0
_,0,0,0,0,0
_,0,0,0,0,0
_,0,0,0,0,0
_,0,0,0,1,0
_,0,0,0,0,0
_,0,0,0,0,0
_,0,0,0,0,0
_,0,0,0,0,0
_,0,0,0,0,0
_,0,0,1,0,0
_,0,0,0,0,0
_,0,0,0,0,0
_,0,0,0,0,0
_,0,0,0,0,0
_,0,0,0,0,0
_,0,0,0,0,1
_,0,0,0,0,0
_,0,0,0,0,0
_,0,0,0,0,0
_,0,0,0,0,0
_,0,0,0,0,0
159,_,_,_,_,_
_,0,0,0,0,0
_,0,0,0,0,0
_,0,0,0,0,0
_,0,0,0,0,0
_,0,0,0,0,0
_,0,0,0,0,0
_,0,0,0,1,0
_,0,0,0,0,0
_,0,0,0,0,0
_,0,0,0,0,0
_,0,0,0,0,0
_,0,0,0,0,0
_,0,1,0,0,0
_,0,0,0,0,0
_,0,0,0,0,0
_,0,0,0,0,0
_,0,0,0,0,0
_,0,0,0,0,0
_,0,0,0,1,0
_,0,0,0,0,0
_,0,0,0,0,0
_,0,0,0,0,0
_,0,0,0,0,0
_,0,0,0,0,0
_,0,0,0,0,1
_,0,0,0,0,0
_,0,0,0,0,0
_,0,0,0,0,0
_,0,0,0,0,0
_,0,0,0,0,0
_,0,0,0,1,0
_,0,0,0,0,0
_,0,0,0,0,0
_,0,0,0,0,0
_,0,0,0,0,0
_,0,0,0,0,0
_,0,1,0,0,0
_,0,0,0,0,0
_,0,0,0,0,0
_,0,0,0,0,0
_,0,0,0,0,0
_,0,0,0,0,0
_,0,0,0,1,0
_,0,0,0,0,0
_,0,0,0,0,0
_,0,0,0,0,0
_,0,0,0,0,0
_,0,0,0,0,0
159,_,_,_,_,_
_,0,0,0,0,1
_,0,0,0,0,0
_,0,0,0,0,0
_,0,0,0,0,0
_,0,0,0,0,0
_,0,0,0,0,0
_,0,0,1,0,0
_,0,0,0,0,0
_,0,0,0,0,0
_,0,0,0,0,0
_,0,0,0,0,0
_,0,0,0,0,0
_,0,0,0,1,0
_,0,0,0,0,0
_,0,0,0,0,0
_,0,0,0,0,0
_,0,0,0,0,0
_,0,0,0,0,0
_,0,0,1,0,0
_,0,0,0,0,0
_,0,0,0,0,0
_,0,0,0,0,0
_,0,0,0,0,0
_,0,0,0,0,0
_,0,0,0,0,1
_,0,0,0,0,0
_,0,0,0,0,0
_,0,0,0,0,0
_,0,0,0,0,0
_,0,0,0,0,0
_,0,0,0,0,0
_,0,0,0,0,0
_,0,0,0,0,0
_,0,0,0,1,0
_,0,0,0,0,0
_,0,0,0,0,0
_,0,0,0,0,0
_,0,0,0,0,0
_,0,0,0,0,0
_,0,0,1,0,0
_,0,0,0,0,0
_,0,0,0,0,0
_,0,0,0,0,0
_,0,0,0,0,0
_,0,0,0,0,0
_,0,0,0,0,0
_,0,0,0,0,0
_,0,0,0,0,0
159,_,_,_,_,_
_,0,1,0,0,0
_,0,0,0,0,0
_,0,0,0,0,0
_,0,0,0,0,0
_,0,0,0,0,0
_,0,0,0,0,0
_,0,0,0,1,0
_,0,0,0,0,0
_,0,0,0,0,0
_,0,0,0,0,0
_,0,0,0,0,0
_,0,0,0,0,0
_,0,0,1,0,0
_,0,0,0,0,0
_,0,0,0,0,0
_,0,0,0,0,0
_,0,0,0,0,0
_,0,0,0,0,0
_,0,0,1,0,0
_,0,0,0,0,0
_,0,0,0,0,0
_,0,0,0,0,0
_,0,0,0,0,0
_,0,0,0,0,0
_,0,1,0,0,0
_,0,0,0,0,0
_,0,0,0,0,0
_,0,0,0,0,1
_,0,0,0,0,0
_,0,0,0,0,0
_,0,0,0,1,0
_,0,0,0,0,0
_,0,0,0,0,0
_,0,0,1,0,0
_,0,0,0,0,0
_,0,0,0,0,0
_,0,1,0,0,0
_,0,0,0,0,0
_,0,0,0,0,0
_,0,0,0,0,0
_,0,0,0,0,0
_,0,0,0,0,0
_,0,0,1,0,0
_,0,0,0,0,0
_,0,0,0,0,0
_,0,0,0,0,0
_,0,0,0,0,0
_,0,0,0,0,0
159,_,_,_,_,_
_,0,0,0,18,0
_,0,0,0,0,0
_,0,0,0,0,0
_,0,0,0,0,0
_,0,0,0,0,0
_,0,0,0,0,0
_,0,0,0,0,0
_,0,0,0,0,0
_,0,0,0,0,0
_,0,0,0,0,0
_,0,0,0,0,0
_,0,0,0,0,0
_,0,0,0,0,0
_,0,0,0,0,0
_,0,0,0,0,0
_,0,0,0,0,0
_,0,0,0,0,0
_,0,0,0,0,0
_,0,0,1,0,0
_,0,0,0,0,0
_,0,0,0,0,0
_,0,0,0,0,0
_,0,0,0,0,0
_,0,0,0,0,0
_,0,1,0,0,0
_,0,0,0,0,0
_,0,0,0,0,0
_,0,0,0,0,0
_,0,0,0,0,0
_,0,0,0,0,0
_,0,0,0,0,18
_,0,0,0,0,0
_,0,0,0,0,0
_,0,0,0,0,0
_,0,0,0,0,0
_,0,0,0,0,0
_,0,0,0,0,0
_,0,0,0,0,0
_,0,0,0,0,0
_,0,0,0,0,0
_,0,0,0,0,0
_,0,0,0,0,0
_,0,0,0,0,0
_,0,0,0,0,0
_,0,0,0,0,0
_,0,0,0,0,0
_,0,0,0,0,0
_,0,0,0,0,0
159,_,_,_,_,_
_,0,0,18,0,0
_,0,0,0,0,0
_,0,0,0,0,0
_,0,0,0,0,0
_,0,0,0,0,0
_,0,0,0,0,0
_,0,0,0,0,0
_,0,0,0,0,0
_,0,0,0,0,0
_,0,0,0,0,0
_,0,0,0,0,0
_,0,0,0,0,0
_,0,0,0,0,0
_,0,0,0,0,0
_,0,0,0,0,0
_,0,0,0,0,0
_,0,0,0,0,0
_,0,0,0,0,0
_,0,0,0,12,0
_,0,0,0,0,0
_,0,0,0,0,0
_,0,0,0,0,0
_,0,0,0,0,0
_,0,0,0,0,0
_,0,0,0,0,0
_,0,0,0,0,0
_,0,0,0,0,0
_,0,0,0,0,0
_,0,0,0,0,0
_,0,0,0,0,0
_,0,0,12,0,0
_,0,0,0,0,0
_,0,0,0,0,0
_,0,0,0,0,0
_,0,0,0,0,0
_,0,0,0,0,0
_,0,0,0,0,0
_,0,0,0,0,0
_,0,0,0,0,0
_,0,0,0,0,0
_,0,0,0,0,0
_,0,0,0,0,0
_,0,1,0,0,0
_,0,0,0,0,0
_,0,0,0,0,0
_,0,0,0,0,0
_,0,0,0,0,0
_,0,0,0,0,0
159,_,_,_,_,_
_,0,0,0,1,0
_,0,0,0,0,0
_,0,0,0,0,0
_,0,0,0,0,0
_,0,0,0,0,0
_,0,0,0,0,0
_,0,0,1,0,0
_,0,0,0,0,0
_,0,0,0,0,0
_,0,0,0,0,0
_,0,0,0,0,0
_,0,0,0,0,0
_,0,1,0,0,0
_,0,0,0,0,0
_,0,0,0,0,0
_,0,0,0,0,0
_,0,0,0,0,0
_,0,0,0,0,0
_,0,0,0,0,1
_,0,0,0,0,0
_,0,0,0,0,0
_,0,0,0,0,0
_,0,0,0,0,0
_,0,0,0,0,0
_,0,0,0,1,0
_,0,0,0,0,0
_,0,0,0,0,0
_,0,0,0,0,0
_,0,0,0,0,0
_,0,0,0,0,0
_,0,0,1,0,0
_,0,0,0,0,0
_,0,0,0,0,0
_,0,0,0,0,0
_,0,0,0,0,0
_,0,0,0,0,0
_,0,0,0,0,0
_,0,0,0,0,0
_,0,0,0,0,0
_,0,0,0,0,0
_,0,0,0,0,0
_,0,0,0,0,0
_,0,36,0,0,0
_,0,0,0,0,0
_,0,0,0,0,0
_,0,0,0,0,0
_,0,0,0,0,0
_,0,0,0,0,0
159,_,_,_,_,_
_,0,0,0,0,0
_,0,0,0,0,0
_,0,0,0,0,0
_,0,0,0,0,0
_,0,0,0,0,0
_,0,0,0,0,0
_,0,0,0,0,0
_,0,0,0,0,0
_,0,0,0,0,0
_,0,0,0,0,0
_,0,0,0,0,0
_,0,0,0,0,0
_,0,0,0,0,0
_,0,0,0,0,0
_,0,0,0,0,0
_,0,0,0,0,0
_,0,0,0,0,0
_,0,0,0,0,0
_,0,0,0,0,0
_,0,0,0,0,0
_,0,0,0,0,0
_,0,0,0,0,0
_,0,0,0,0,0
_,0,0,0,0,0
_,0,0,0,0,0
_,0,0,0,0,0
_,0,0,0,0,0
_,0,0,0,0,0
_,0,0,0,0,0
_,0,0,0,0,0
_,0,0,12,0,0
_,0,0,0,0,0
_,0,0,0,0,0
_,0,0,0,0,0
_,0,0,0,0,0
_,0,0,0,0,0
_,0,0,0,0,0
_,0,0,0,0,0
_,0,0,0,0,0
_,0,0,0,0,0
_,0,0,0,0,0
_,0,0,0,0,0
_,0,0,0,30,0
_,0,0,0,0,0
_,0,0,0,0,0
_,0,0,0,0,0
_,0,0,0,0,0
_,0,0,0,0,0
159,_,_,_,_,_
_,0,0,0,0,0
_,0,0,0,0,0
_,0,0,0,0,0
_,0,0,0,0,0
_,0,0,0,0,0
_,0,0,0,0,0
_,0,0,0,0,0
_,0,0,0,0,0
_,0,0,0,0,0
_,0,0,0,0,0
_,0,0,0,0,0
_,0,0,0,0,0
_,0,0,0,0,0
_,0,0,0,0,0
_,0,0,0,0,0
_,0,0,0,0,0
_,0,0,0,0,0
_,0,0,0,0,0
_,0,0,0,0,0
_,0,0,0,0,0
_,0,0,0,0,0
_,0,0,0,0,0
_,0,0,0,0,0
_,0,0,0,0,0
_,0,1,0,0,0
_,0,0,0,0,0
_,0,0,0,0,0
_,0,0,0,0,0
_,0,0,0,0,0
_,0,0,0,0,0
_,0,0,1,0,0
_,0,0,0,0,0
_,0,0,0,0,0
_,0,0,0,0,0
_,0,0,0,0,0
_,0,0,0,0,0
_,0,0,0,1,0
_,0,0,0,0,0
_,0,0,0,0,0
_,0,0,0,0,0
_,0,0,0,0,0
_,0,0,0,0,0
_,0,0,0,0,1
_,0,0,0,0,0
_,0,0,0,0,0
_,0,0,0,0,0
_,0,0,0,0,0
_,0,0,0,0,0
159,_,_,_,_,_
_,0,0,0,18,0
_,0,0,0,0,0
_,0,0,0,0,0
_,0,0,0,0,0
_,0,0,0,0,0
_,0,0,0,0,0
_,0,0,0,0,0
_,0,0,0,0,0
_,0,0,0,0,0
_,0,0,0,0,0
_,0,0,0,0,0
_,0,0,0,0,0
_,0,0,0,0,0
_,0,0,0,0,0
_,0,0,0,0,0
_,0,0,0,0,0
_,0,0,0,0,0
_,0,0,0,0,0
_,0,0,0,0,12
_,0,0,0,0,0
_,0,0,0,0,0
_,0,0,0,0,0
_,0,0,0,0,0
_,0,0,0,0,0
_,0,0,0,0,0
_,0,0,0,0,0
_,0,0,0,0,0
_,0,0,0,0,0
_,0,0,0,0,0
_,0,0,0,0,0
_,0,0,0,12,0
_,0,0,0,0,0
_,0,0,0,0,0
_,0,0,0,0,0
_,0,0,0,0,0
_,0,0,0,0,0
_,0,0,0,0,0
_,0,0,0,0,0
_,0,0,0,0,0
_,0,0,0,0,0
_,0,0,0,0,0
_,0,0,0,0,0
_,0,0,1,0,0
_,0,0,0,0,0
_,0,0,0,0,0
_,0,0,0,0,0
_,0,0,0,0,0
_,0,0,0,0,0
159,_,_,_,_,_
_,0,0,0,0,1
_,0,0,0,0,0
_,0,0,0,0,0
_,0,0,0,0,0
_,0,0,0,0,0
_,0,0,0,0,0
_,0,0,0,1,0
_,0,0,0,0,0
_,0,0,0,0,0
_,0,0,0,0,0
_,0,0,0,0,0
_,0,0,0,0,0
_,0,0,1,0,0
_,0,0,0,0,0
_,0,0,0,0,0
_,0,0,0,0,0
_,0,0,0,0,0
_,0,0,0,0,0
_,0,1,0,0,0
_,0,0,0,0,0
_,0,0,0,0,0
_,0,0,0,0,0
_,0,0,0,0,0
_,0,0,0,0,0
_,0,0,0,1,0
_,0,0,0,0,0
_,0,0,0,0,0
_,0,0,0,0,0
_,0,0,0,0,0
_,0,0,0,0,0
_,0,0,12,0,0
_,0,0,0,0,0
_,0,0,0,0,0
_,0,0,0,0,0
_,0,0,0,0,0
_,0,0,0,0,0
_,0,0,0,0,0
_,0,0,0,0,0
_,0,0,0,0,0
_,0,0,0,0,0
_,0,0,0,0,0
_,0,0,0,0,0
_,0,1,0,0,0
_,0,0,0,0,0
_,0,0,0,0,0
_,0,0,0,0,0
_,0,0,0,0,0
_,0,0,0,0,0
159,_,_,_,_,_
_,0,0,0,36,0
_,0,0,0,0,0
_,0,0,0,0,0
_,0,0,0,0,0
_,0,0,0,0,0
_,0,0,0,0,0
_,0,0,0,0,0
_,0,0,0,0,0
_,0,0,0,0,0
_,0,0,0,0,0
_,0,0,0,0,0
_,0,0,0,0,0
_,0,0,0,0,0
_,0,0,0,0,0
_,0,0,0,0,0
_,0,0,0,0,0
_,0,0,0,0,0
_,0,0,0,0,0
_,0,0,0,0,0
_,0,0,0,0,0
_,0,0,0,0,0
_,0,0,0,0,0
_,0,0,0,0,0
_,0,0,0,0,0
_,0,0,0,0,0
_,0,0,0,0,0
_,0,0,0,0,0
_,0,0,0,0,0
_,0,0,0,0,0
_,0,0,0,0,0
_,0,0,0,0,0
_,0,0,0,0,0
_,0,0,0,0,0
_,0,0,0,0,0
_,0,0,0,0,0
_,0,0,0,0,0
_,0,1,0,0,0
_,0,0,0,0,0
_,0,0,0,0,0
_,0,0,0,0,0
_,0,0,0,0,0
_,0,0,0,0,0
_,0,0,1,0,0
_,0,0,0,0,0
_,0,0,0,0,0
_,0,0,0,0,0
_,0,0,0,0,0
_,0,0,0,0,0
159,_,_,_,_,_
_,0,0,0,1,0
_,0,0,0,0,0
_,0,0,0,0,0
_,0,0,0,0,0
_,0,0,0,0,0
_,0,0,0,0,0
_,0,0,0,0,0
_,0,0,0,0,0
_,0,0,0,0,0
_,0,0,0,0,0
_,0,0,0,0,0
_,0,0,0,0,0
_,0,0,0,0,0
_,0,0,0,0,0
_,0,0,0,0,0
_,0,0,0,0,0
_,0,0,0,0,0
_,0,0,0,0,0
_,0,0,0,0,0
_,0,0,0,0,0
_,0,0,0,0,0
_,0,0,0,0,0
_,0,0,0,0,0
_,0,0,0,0,0
_,0,1,0,0,0
_,0,0,0,0,0
_,0,0,0,0,0
_,0,0,0,0,0
_,0,0,0,0,0
_,0,0,0,0,0
_,0,0,1,0,0
_,0,0,0,0,0
_,0,0,0,0,0
_,0,0,0,0,0
_,0,0,0,0,0
_,0,0,0,0,0
_,0,0,0,1,0
_,0,0,0,0,0
_,0,0,0,0,0
_,0,0,0,0,0
_,0,0,0,0,0
_,0,0,0,0,0
_,0,0,0,0,1
_,0,0,0,0,0
_,0,0,0,0,0
_,0,0,0,0,0
_,0,0,0,0,0
_,0,0,0,0,0
159,_,_,_,_,_
_,0,0,0,1,0
_,0,0,0,0,0
_,0,0,0,0,0
_,0,0,0,0,0
_,0,0,0,0,0
_,0,0,0,0,0
_,0,0,0,0,0
_,0,0,0,0,0
_,0,0,0,0,0
_,0,0,0,0,0
_,0,0,0,0,0
_,0,0,0,0,0
_,0,0,0,0,1
_,0,0,0,0,0
_,0,0,0,0,0
_,0,0,0,0,0
_,0,0,0,0,0
_,0,0,0,0,0
_,0,0,0,0,0
_,0,0,0,0,0
_,0,0,0,0,0
_,0,0,0,0,0
_,0,0,0,0,0
_,0,0,0,0,0
_,0,0,0,1,0
_,0,0,0,0,0
_,0,0,0,0,0
_,0,0,0,0,0
_,0,0,0,0,0
_,0,0,0,0,0
_,0,0,0,0,0
_,0,0,0,0,0
_,0,0,0,0,0
_,0,0,0,0,0
_,0,0,0,0,0
_,0,0,0,0,0
_,0,0,1,0,0
_,0,0,0,0,0
_,0,0,0,0,0
_,0,0,0,0,0
_,0,0,0,0,0
_,0,0,0,0,0
_,0,0,0,0,0
_,0,0,0,0,0
_,0,0,0,0,0
_,0,0,0,0,0
_,0,0,0,0,0
_,0,0,0,0,0
159,_,_,_,_,_
_,0,0,0,1,0
_,0,0,0,0,0
_,0,0,0,0,0
_,0,0,0,0,0
_,0,0,0,0,0
_,0,0,0,0,0
_,0,0,1,0,0
_,0,0,0,0,0
_,0,0,0,0,0
_,0,0,0,0,0
_,0,0,0,0,0
_,0,0,0,0,0
_,0,1,0,0,0
_,0,0,0,0,0
_,0,0,0,0,0
_,0,0,0,0,0
_,0,0,0,0,0
_,0,0,0,0,0
_,0,0,0,0,0
_,0,0,0,0,0
_,0,0,0,0,0
_,0,0,0,0,0
_,0,0,0,0,0
_,0,0,0,0,0
_,0,0,0,0,1
_,0,0,0,0,0
_,0,0,0,0,0
_,0,0,0,0,0
_,0,0,0,0,0
_,0,0,0,0,0
_,0,0,0,1,0
_,0,0,0,0,0
_,0,0,0,0,0
_,0,0,0,0,0
_,0,0,0,0,0
_,0,0,0,0,0
_,0,0,1,0,0
_,0,0,0,0,0
_,0,0,0,0,0
_,0,0,0,0,0
_,0,0,0,0,0
_,0,0,0,0,0
_,0,0,0,0,0
_,0,0,0,0,0
_,0,0,0,0,0
_,0,0,0,0,0
_,0,0,0,0,0
_,0,0,0,0,0
159,_,_,_,_,_
_,0,0,0,1,0
_,0,0,0,0,0
_,0,0,0,0,0
_,0,0,0,0,0
_,0,0,0,0,0
_,0,0,0,0,0
_,8,0,0,0,0
_,0,0,0,0,0
_,0,0,0,0,0
_,0,0,0,0,0
_,0,0,0,0,0
_,0,0,0,0,0
_,8,0,0,0,0
_,0,0,0,0,0
_,0,0,0,0,0
_,0,0,0,0,0
_,0,0,0,0,0
_,0,0,0,0,0
_,8,0,0,0,0
_,0,0,0,0,0
_,0,0,0,0,0
_,0,0,0,0,0
_,0,0,0,0,0
_,0,0,0,0,0
_,8,0,0,0,0
_,0,0,0,0,0
_,0,0,0,0,0
_,0,0,0,0,0
_,0,0,0,0,0
_,0,0,0,0,0
_,0,0,0,0,0
_,0,0,0,0,0
_,0,0,0,0,0
_,0,0,0,0,0
_,0,0,0,0,0
_,0,0,0,0,0
_,0,0,0,0,0
_,0,0,0,0,0
_,0,0,0,0,0
_,0,0,0,0,0
_,0,0,0,0,0
_,0,0,0,0,0
_,0,0,0,0,0
_,0,0,0,0,0
_,0,0,0,0,0
_,0,0,0,0,0
_,0,0,0,0,0
_,0,0,0,0,0
159,_,_,_,_,_
_,0,0,0,1,0
_,0,0,0,0,0
_,0,0,0,0,0
_,0,0,0,0,0
_,0,0,0,0,0
_,0,0,0,0,0
_,0,0,0,0,0
_,0,0,0,0,0
_,0,0,0,0,0
_,0,0,0,0,0
_,0,0,0,0,0
_,0,0,0,0,0
_,0,0,0,0,0
_,0,0,0,0,0
_,0,0,0,0,0
_,0,0,0,0,0
_,0,0,0,0,0
_,0,0,0,0,0
_,0,0,0,0,0
_,0,0,0,0,0
_,0,0,0,0,0
_,0,0,0,0,0
_,0,0,0,0,0
_,0,0,0,0,0
_,0,1,0,0,0
_,0,0,0,0,0
_,0,0,0,0,0
_,0,0,0,0,0
_,0,0,0,0,0
_,0,0,0,0,0
_,0,0,1,0,0
_,0,0,0,0,0
_,0,0,0,0,0
_,0,0,0,0,0
_,0,0,0,0,0
_,0,0,0,0,0
_,0,0,0,1,0
_,0,0,0,0,0
_,0,0,0,0,0
_,0,0,0,0,0
_,0,0,0,0,0
_,0,0,0,0,0
_,0,0,0,0,1
_,0,0,0,0,0
_,0,0,0,0,0
_,0,0,0,0,0
_,0,0,0,0,0
_,0,0,0,0,0
159,_,_,_,_,_
_,0,0,0,1,0
_,0,0,0,0,0
_,0,0,0,0,0
_,0,0,0,0,0
_,0,0,0,0,0
_,0,0,0,0,0
_,0,0,0,0,0
_,0,0,0,0,0
_,0,0,0,0,0
_,0,0,0,0,0
_,0,0,0,0,0
_,0,0,0,0,0
_,0,0,0,0,1
_,0,0,0,0,0
_,0,0,0,0,0
_,0,0,0,0,0
_,0,0,0,0,0
_,0,0,0,0,0
_,0,0,0,0,0
_,0,0,0,0,0
_,0,0,0,0,0
_,0,0,0,0,0
_,0,0,0,0,0
_,0,0,0,0,0
_,0,0,0,1,0
_,0,0,0,0,0
_,0,0,0,0,0
_,0,0,0,0,0
_,0,0,0,0,0
_,0,0,0,0,0
_,0,0,0,0,0
_,0,0,0,0,0
_,0,0,0,0,0
_,0,0,0,0,0
_,0,0,0,0,0
_,0,0,0,0,0
_,0,0,1,0,0
_,0,0,0,0,0
_,0,0,0,0,0
_,0,0,0,0,0
_,0,0,0,0,0
_,0,0,0,0,0
_,0,0,0,0,0
_,0,0,0,0,0
_,0,0,0,0,0
_,0,0,0,0,0
_,0,0,0,0,0
_,0,0,0,0,0
159,_,_,_,_,_
_,0,0,0,1,0
_,0,0,0,0,0
_,0,0,0,0,0
_,0,0,0,0,0
_,0,0,0,0,0
_,0,0,0,0,0
_,0,0,1,0,0
_,0,0,0,0,0
_,0,0,0,0,0
_,0,0,0,0,0
_,0,0,0,0,0
_,0,0,0,0,0
_,0,1,0,0,0
_,0,0,0,0,0
_,0,0,0,0,0
_,0,0,0,0,0
_,0,0,0,0,0
_,0,0,0,0,0
_,0,0,0,0,0
_,0,0,0,0,0
_,0,0,0,0,0
_,0,0,0,0,0
_,0,0,0,0,0
_,0,0,0,0,0
_,0,0,0,0,1
_,0,0,0,0,0
_,0,0,0,0,0
_,0,0,0,0,0
_,0,0,0,0,0
_,0,0,0,0,0
_,0,0,0,1,0
_,0,0,0,0,0
_,0,0,0,0,0
_,0,0,0,0,0
_,0,0,0,0,0
_,0,0,0,0,0
_,0,0,1,0,0
_,0,0,0,0,0
_,0,0,0,0,0
_,0,0,0,0,0
_,0,0,0,0,0
_,0,0,0,0,0
_,0,0,0,0,0
_,0,0,0,0,0
_,0,0,0,0,0
_,0,0,0,0,0
_,0,0,0,0,0
_,0,0,0,0,0
159,_,_,_,_,_
_,0,0,0,1,0
_,0,0,0,0,0
_,0,0,0,0,0
_,0,0,0,0,0
_,0,0,0,0,0
_,0,0,0,0,0
_,0,0,0,0,0
_,0,0,0,0,0
_,0,0,0,0,0
_,0,0,0,0,0
_,0,0,0,0,0
_,0,0,0,0,0
_,8,0,0,0,1
_,0,0,0,0,0
_,0,0,0,0,0
_,0,0,0,0,0
_,0,0,0,0,0
_,0,0,0,0,0
_,8,0,0,0,0
_,0,0,0,0,0
_,0,0,0,0,0
_,0,0,0,0,0
_,0,0,0,0,0
_,0,0,0,0,0
_,8,0,0,0,0
_,0,0,0,0,0
_,0,0,0,0,0
_,0,0,0,0,0
_,0,0,0,0,0
_,0,0,0,0,0
_,0,0,0,1,0
_,0,0,0,0,0
_,0,0,0,0,0
_,0,0,0,0,0
_,0,0,0,0,0
_,0,0,0,0,0
_,0,0,1,0,0
_,0,0,0,0,0
_,0,0,0,0,0
_,0,0,0,0,0
_,0,0,0,0,0
_,0,0,0,0,0
_,0,0,0,1,0
_,0,0,0,0,0
_,0,0,0,0,0
_,0,0,0,0,0
_,0,0,0,0,0
_,0,0,0,0,0
159,_,_,_,_,_
_,0,0,0,0,24
_,0,0,0,0,0
_,0,0,0,0,0
_,0,0,0,0,0
_,0,0,0,0,0
_,0,0,0,0,0
_,0,0,0,0,0
_,0,0,0,0,0
_,0,0,0,0,0
_,0,0,0,0,0
_,0,0,0,0,0
_,0,0,0,0,0
_,0,0,0,0,0
_,0,0,0,0,0
_,0,0,0,0,0
_,0,0,0,0,0
_,0,0,0,0,0
_,0,0,0,0,0
_,0,0,0,0,0
_,0,0,0,0,0
_,0,0,0,0,0
_,0,0,0,0,0
_,0,0,0,0,0
_,0,0,0,0,0
_,0,1,0,0,0
_,0,0,0,0,0
_,0,0,0,0,0
_,0,0,0,0,0
_,0,0,0,0,0
_,0,0,0,0,0
_,0,0,1,0,0
_,0,0,0,0,0
_,0,0,0,0,0
_,0,0,0,0,0
_,0,0,0,0,0
_,0,0,0,0,0
_,0,0,0,1,0
_,0,0,0,0,0
_,0,0,0,0,0
_,0,0,0,0,0
_,0,0,0,0,0
_,0,0,0,0,0
_,0,0,0,0,1
_,0,0,0,0,0
_,0,0,0,0,0
_,0,0,0,0,0
_,0,0,0,0,0
_,0,0,0,0,0
159,_,_,_,_,_
_,0,0,0,12,0
_,0,0,0,0,0
_,0,0,0,0,0
_,0,0,0,0,0
_,0,0,0,0,0
_,0,0,0,0,0
_,0,0,0,0,0
_,0,0,0,0,0
_,0,0,0,0,0
_,0,0,0,0,0
_,0,0,0,0,0
_,0,0,0,0,0
_,0,0,12,0,0
_,0,0,0,0,0
_,0,0,0,0,0
_,0,0,0,0,0
_,0,0,0,0,0
_,0,0,0,0,0
_,0,0,0,0,0
_,0,0,0,0,0
_,0,0,0,0,0
_,0,0,0,0,0
_,0,0,0,0,0
_,0,0,0,0,0
_,0,0,0,0,12
_,0,0,0,0,0
_,0,0,0,0,0
_,0,0,0,0,0
_,0,0,0,0,0
_,0,0,0,0,0
_,0,0,0,0,0
_,0,0,0,0,0
_,0,0,0,0,0
_,0,0,0,0,0
_,0,0,0,0,0
_,0,0,0,0,0
_,0,0,0,12,0
_,0,0,0,0,0
_,0,0,0,0,0
_,0,0,0,0,0
_,0,0,0,0,0
_,0,0,0,0,0
_,0,0,0,0,0
_,0,0,0,0,0
_,0,0,0,0,0
_,0,0,0,0,0
_,0,0,0,0,0
_,0,0,0,0,0
159,_,_,_,_,_
_,0,0,18,0,0
_,0,0,0,0,0
_,0,0,0,0,0
_,0,0,0,0,0
_,0,0,0,0,0
_,0,0,0,0,0
_,0,0,0,0,0
_,0,0,0,0,0
_,0,0,0,0,0
_,0,0,0,0,0
_,0,0,0,0,0
_,0,0,0,0,0
_,0,0,0,0,0
_,0,0,0,0,0
_,0,0,0,0,0
_,0,0,0,0,0
_,0,0,0,0,0
_,0,0,0,0,0
_,0,18,0,0,0
_,0,0,0,0,0
_,0,0,0,0,0
_,0,0,0,0,0
_,0,0,0,0,0
_,0,0,0,0,0
_,0,0,0,0,0
_,0,0,0,0,0
_,0,0,0,0,0
_,0,0,0,0,0
_,0,0,0,0,0
_,0,0,0,0,0
_,0,0,0,0,0
_,0,0,0,0,0
_,0,0,0,0,0
_,0,0,0,0,0
_,0,0,0,0,0
_,0,0,0,0,0
_,0,0,0,0,48
_,0,0,0,0,0
_,0,0,0,0,0
_,0,0,0,0,0
_,0,0,0,0,0
_,0,0,0,0,0
_,0,0,0,0,0
_,0,0,0,0,0
_,0,0,0,0,0
_,0,0,0,0,0
_,0,0,0,0,0
_,0,0,0,0,0
159,_,_,_,_,_
_,0,0,0,0,0
_,0,0,0,0,0
_,0,0,0,0,0
_,0,0,0,0,0
_,0,0,0,0,0
_,0,0,0,0,0
_,0,0,0,0,0
_,0,0,0,0,0
_,0,0,0,0,0
_,0,0,0,0,0
_,0,0,0,0,0
_,0,0,0,0,0
_,0,0,0,0,0
_,0,0,0,0,0
_,0,0,0,0,0
_,0,0,0,0,0
_,0,0,0,0,0
_,0,0,0,0,0
_,0,0,0,0,0
_,0,0,0,0,0
_,0,0,0,0,0
_,0,0,0,0,0
_,0,0,0,0,0
_,0,0,0,0,0
_,0,0,0,0,0
_,0,0,0,0,0
_,0,0,0,0,0
_,0,0,0,0,0
_,0,0,0,0,0
_,0,0,0,0,0
_,0,0,0,0,0
_,0,0,0,0,0
_,0,0,0,0,0
_,0,0,0,0,0
_,0,0,0,0,0
_,0,0,0,0,0
_,0,1,0,0,0
_,0,0,0,0,0
_,0,0,0,0,0
_,0,0,0,0,0
_,0,0,0,0,0
_,0,0,0,0,0
_,0,0,1,0,0
_,0,0,0,0,0
_,0,0,0,0,0
_,0,0,0,0,0
_,0,0,0,0,0
_,0,0,0,0,0
159,_,_,_,_,_
_,0,0,0,24,0
_,0,0,0,0,0
_,0,0,0,0,0
_,0,0,0,0,0
_,0,0,0,0,0
_,0,0,0,0,0
_,0,0,0,0,0
_,0,0,0,0,0
_,0,0,0,0,0
_,0,0,0,0,0
_,0,0,0,0,0
_,0,0,0,0,0
_,0,0,0,0,0
_,0,0,0,0,0
_,0,0,0,0,0
_,0,0,0,0,0
_,0,0,0,0,0
_,0,0,0,0,0
_,0,0,0,0,0
_,0,0,0,0,0
_,0,0,0,0,0
_,0,0,0,0,0
_,0,0,0,0,0
_,0,0,0,0,0
_,0,1,0,0,0
_,0,0,0,0,0
_,0,0,0,0,0
_,0,0,0,0,0
_,0,0,0,0,0
_,0,0,0,0,0
_,0,0,1,0,0
_,0,0,0,0,0
_,0,0,0,0,0
_,0,0,0,0,0
_,0,0,0,0,0
_,0,0,0,0,0
_,0,0,0,1,0
_,0,0,0,0,0
_,0,0,0,0,0
_,0,0,0,0,0
_,0,0,0,0,0
_,0,0,0,0,0
_,0,0,0,0,1
_,0,0,0,0,0
_,0,0,0,0,0
_,0,0,0,0,0
_,0,0,0,0,0
_,0,0,0,0,0
159,_,_,_,_,_
_,0,0,0,12,0
_,0,0,0,0,0
_,0,0,0,0,0
_,0,0,0,0,0
_,0,0,0,0,0
_,0,0,0,0,0
_,0,0,0,0,0
_,0,0,0,0,0
_,0,0,0,0,0
_,0,0,0,0,0
_,0,0,0,0,0
_,0,0,0,0,0
_,0,0,12,0,0
_,0,0,0,0,0
_,0,0,0,0,0
_,0,0,0,0,0
_,0,0,0,0,0
_,0,0,0,0,0
_,0,0,0,0,0
_,0,0,0,0,0
_,0,0,0,0,0
_,0,0,0,0,0
_,0,0,0,0,0
_,0,0,0,0,0
_,0,12,0,0,0
_,0,0,0,0,0
_,0,0,0,0,0
_,0,0,0,0,0
_,0,0,0,0,0
_,0,0,0,0,0
_,0,0,0,0,0
_,0,0,0,0,0
_,0,0,0,0,0
_,0,0,0,0,0
_,0,0,0,0,0
_,0,0,0,0,0
_,0,0,0,0,1
_,0,0,0,0,0
_,0,0,0,0,0
_,0,0,0,0,0
_,0,0,0,0,0
_,0,0,0,0,0
_,0,0,0,0,0
_,0,0,0,0,0
_,0,0,0,0,0
_,0,0,0,0,0
_,0,0,0,0,0
_,0,0,0,0,0
159,_,_,_,_,_
_,2,0,0,0,18
_,0,0,0,0,0
_,0,0,0,0,0
_,0,0,0,0,0
_,0,0,0,0,0
_,0,0,0,0,0
_,0,0,0,0,0
_,0,0,0,0,0
_,0,0,0,0,0
_,0,0,0,0,0
_,0,0,0,0,0
_,0,0,0,0,0
_,2,0,0,0,0
_,0,0,0,0,0
_,0,0,0,0,0
_,0,0,0,0,0
_,0,0,0,0,0
_,0,0,0,0,0
_,0,18,0,0,0
_,0,0,0,0,0
_,0,0,0,0,0
_,0,0,0,0,0
_,0,0,0,0,0
_,0,0,0,0,0
_,2,0,0,0,0
_,0,0,0,0,0
_,0,0,0,0,0
_,0,0,0,0,0
_,0,0,0,0,0
_,0,0,0,0,0
_,0,0,0,0,0
_,0,0,0,0,0
_,0,0,0,0,0
_,0,0,0,0,0
_,0,0,0,0,0
_,0,0,0,0,0
_,2,0,0,12,0
_,0,0,0,0,0
_,0,0,0,0,0
_,0,0,0,0,0
_,0,0,0,0,0
_,0,0,0,0,0
_,0,0,0,0,0
_,0,0,0,0,0
_,0,0,0,0,0
_,0,0,0,0,0
_,0,0,0,0,0
_,0,0,0,0,0
159,_,_,_,_,_
_,2,0,36,0,0
_,0,0,0,0,0
_,0,0,0,0,0
_,0,0,0,0,0
_,0,0,0,0,0
_,0,0,0,0,0
_,0,0,0,0,0
_,0,0,0,0,0
_,0,0,0,0,0
_,0,0,0,0,0
_,0,0,0,0,0
_,0,0,0,0,0
_,2,0,0,0,0
_,0,0,0,0,0
_,0,0,0,0,0
_,0,0,0,0,0
_,0,0,0,0,0
_,0,0,0,0,0
_,0,0,0,0,0
_,0,0,0,0,0
_,0,0,0,0,0
_,0,0,0,0,0
_,0,0,0,0,0
_,0,0,0,0,0
_,2,0,0,0,0
_,0,0,0,0,0
_,0,0,0,0,0
_,0,0,0,0,0
_,0,0,0,0,0
_,0,0,0,0,0
_,0,0,0,0,0
_,0,0,0,0,0
_,0,0,0,0,0
_,0,0,0,0,0
_,0,0,0,0,0
_,0,0,0,0,0
_,2,1,0,0,0
_,0,0,0,0,0
_,0,0,0,0,0
_,0,0,0,0,0
_,0,0,0,0,0
_,0,0,0,0,0
_,0,0,1,0,0
_,0,0,0,0,0
_,0,0,0,0,0
_,0,0,0,0,0
_,0,0,0,0,0
_,0,0,0,0,0
159,_,_,_,_,_
_,2,0,0,1,0
_,0,0,0,0,0
_,0,0,0,0,0
_,0,0,0,0,0
_,0,0,0,0,0
_,0,0,0,0,0
_,0,0,0,0,0
_,0,0,0,0,0
_,0,0,0,0,0
_,0,0,0,0,0
_,0,0,0,0,0
_,0,0,0,0,0
_,0,0,0,0,0
_,0,0,0,0,0
_,0,0,0,0,0
_,0,0,0,0,0
_,0,0,0,0,0
_,0,0,0,0,0
_,0,0,0,0,0
_,0,0,0,0,0
_,0,0,0,0,0
_,0,0,0,0,0
_,0,0,0,0,0
_,0,0,0,0,0
_,0,1,0,0,0
_,0,0,0,0,0
_,0,0,0,0,0
_,0,0,0,0,0
_,0,0,0,0,0
_,0,0,0,0,0
_,0,0,1,0,0
_,0,0,0,0,0
_,0,0,0,0,0
_,0,0,0,0,0
_,0,0,0,0,0
_,0,0,0,0,0
_,0,0,0,1,0
_,0,0,0,0,0
_,0,0,0,0,0
_,0,0,0,0,0
_,0,0,0,0,0
_,0,0,0,0,0
_,0,0,0,0,1
_,0,0,0,0,0
_,0,0,0,0,0
_,0,0,0,0,0
_,0,0,0,0,0
_,0,0,0,0,0
159,_,_,_,_,_
_,0,0,0,1,0
_,0,0,0,0,0
_,0,0,0,0,0
_,0,0,0,0,0
_,0,0,0,0,0
_,0,0,0,0,0
_,0,0,0,0,0
_,0,0,0,0,0
_,0,0,0,0,0
_,0,0,0,0,0
_,0,0,0,0,0
_,0,0,0,0,0
_,0,0,0,0,1
_,0,0,0,0,0
_,0,0,0,0,0
_,0,0,0,0,0
_,0,0,0,0,0
_,0,0,0,0,0
_,0,0,0,0,0
_,0,0,0,0,0
_,0,0,0,0,0
_,0,0,0,0,0
_,0,0,0,0,0
_,0,0,0,0,0
_,0,0,0,1,0
_,0,0,0,0,0
_,0,0,0,0,0
_,0,0,0,0,0
_,0,0,0,0,0
_,0,0,0,0,0
_,0,0,0,0,0
_,0,0,0,0,0
_,0,0,0,0,0
_,0,0,0,0,0
_,0,0,0,0,0
_,0,0,0,0,0
_,0,0,1,0,0
_,0,0,0,0,0
_,0,0,0,0,0
_,0,0,0,0,0
_,0,0,0,0,0
_,0,0,0,0,0
_,0,0,0,0,0
_,0,0,0,0,0
_,0,0,0,0,0
_,0,0,0,0,0
_,0,0,0,0,0
_,0,0,0,0,0
159,_,_,_,_,_
_,8,0,0,0,0
_,0,0,0,0,0
_,0,0,0,0,0
_,0,0,0,0,0
_,0,0,0,0,0
_,0,0,0,0,0
_,8,0,0,0,0
_,0,0,0,0,0
_,0,0,0,0,0
_,0,0,0,0,0
_,0,0,0,0,0
_,0,0,0,0,0
_,8,0,0,0,0
_,0,0,0,0,0
_,0,0,0,0,0
_,0,0,0,0,0
_,0,0,0,0,0
_,0,0,0,0,0
_,0,0,0,0,0
_,0,0,0,0,0
_,0,0,0,0,0
_,0,0,0,0,0
_,0,0,0,0,0
_,0,0,0,0,0
_,2,0,0,0,0
_,0,0,0,0,0
_,0,0,0,0,0
_,0,0,0,0,0
_,0,0,0,0,0
_,0,0,0,0,0
_,2,0,0,0,0
_,0,0,0,0,0
_,0,0,0,0,0
_,0,0,0,0,0
_,0,0,0,0,0
_,0,0,0,0,0
_,2,0,0,0,0
_,0,0,0,0,0
_,0,0,0,0,0
_,0,0,0,0,0
_,0,0,0,0,0
_,0,0,0,0,0
_,0,0,0,0,0
_,0,0,0,0,0
_,0,0,0,0,0
_,0,0,0,0,0
_,0,0,0,0,0
_,0,0,0,0,0
159,_,_,_,_,_
_,0,0,1,1,0
_,0,0,0,0,0
_,0,0,0,0,0
_,0,0,0,0,0
_,0,0,0,0,0
_,0,0,0,0,0
_,6,0,0,0,0
_,0,0,0,0,0
_,0,0,0,0,0
_,0,0,0,0,0
_,0,0,0,0,0
_,0,0,0,0,0
_,6,0,0,0,0
_,0,0,0,0,0
_,0,0,0,0,0
_,0,0,0,0,0
_,0,0,0,0,0
_,0,0,0,0,0
_,6,0,0,0,0
_,0,0,0,0,0
_,0,0,0,0,0
_,0,0,0,0,0
_,0,0,0,0,0
_,0,0,0,0,0
_,6,0,0,0,0
_,0,0,0,0,0
_,0,0,0,0,0
_,0,0,0,0,0
_,0,0,0,0,0
_,0,0,0,0,0
_,0,0,0,0,0
_,0,0,0,0,0
_,0,0,0,0,0
_,0,0,0,0,0
_,0,0,0,0,0
_,0,0,0,0,0
_,0,0,0,0,0
_,0,0,0,0,0
_,0,0,0,0,0
_,0,0,0,0,0
_,0,0,0,0,0
_,0,0,0,0,0
_,0,0,0,0,0
_,0,0,0,0,0
_,0,0,0,0,0
_,0,0,0,0,0
_,0,0,0,0,0
_,0,0,0,0,0
159,_,_,_,_,_
_,0,0,0,1,0
_,0,0,0,0,0
_,0,0,0,0,0
_,0,0,0,0,0
_,0,0,0,0,0
_,0,0,0,0,0
_,0,0,0,0,0
_,0,0,0,0,0
_,0,0,0,0,0
_,0,0,0,0,0
_,0,0,0,0,0
_,0,0,0,0,0
_,0,0,0,0,0
_,0,0,0,0,0
_,0,0,0,0,0
_,0,0,0,0,0
_,0,0,0,0,0
_,0,0,0,0,0
_,0,0,0,0,0
_,0,0,0,0,0
_,0,0,0,0,0
_,0,0,0,0,0
_,0,0,0,0,0
_,0,0,0,0,0
_,0,1,0,0,0
_,0,0,0,0,0
_,0,0,0,0,0
_,0,0,0,0,0
_,0,0,0,0,0
_,0,0,0,0,0
_,0,0,1,0,0
_,0,0,0,0,0
_,0,0,0,0,0
_,0,0,0,0,0
_,0,0,0,0,0
_,0,0,0,0,0
_,0,0,0,1,0
_,0,0,0,0,0
_,0,0,0,0,0
_,0,0,0,0,0
_,0,0,0,0,0
_,0,0,0,0,0
_,0,0,0,0,1
_,0,0,0,0,0
_,0,0,0,0,0
_,0,0,0,0,0
_,0,0,0,0,0
_,0,0,0,0,0
159,_,_,_,_,_
_,0,0,0,1,0
_,0,0,0,0,0
_,0,0,0,0,0
_,0,0,0,0,0
_,0,0,0,0,0
_,0,0,0,0,0
_,0,0,0,0,0
_,0,0,0,0,0
_,0,0,0,0,0
_,0,0,0,0,0
_,0,0,0,0,0
_,0,0,0,0,0
_,0,0,0,0,1
_,0,0,0,0,0
_,0,0,0,0,0
_,0,0,0,0,0
_,0,0,0,0,0
_,0,0,0,0,0
_,0,0,0,0,0
_,0,0,0,0,0
_,0,0,0,0,0
_,0,0,0,0,0
_,0,0,0,0,0
_,0,0,0,0,0
_,0,0,0,1,0
_,0,0,0,0,0
_,0,0,0,0,0
_,0,0,0,0,0
_,0,0,0,0,0
_,0,0,0,0,0
_,0,0,0,0,0
_,0,0,0,0,0
_,0,0,0,0,0
_,0,0,0,0,0
_,0,0,0,0,0
_,0,0,0,0,0
_,0,0,1,0,0
_,0,0,0,0,0
_,0,0,0,0,0
_,0,0,0,0,0
_,0,0,0,0,0
_,0,0,0,0,0
_,0,0,0,0,0
_,0,0,0,0,0
_,0,0,0,0,0
_,0,0,0,0,0
_,0,0,0,0,0
_,0,0,0,0,0
159,_,_,_,_,_
_,0,0,0,0,1
_,0,0,0,0,0
_,0,0,0,0,0
_,0,0,0,0,0
_,0,0,0,0,0
_,0,0,0,0,0
_,0,0,0,1,0
_,0,0,0,0,0
_,0,0,0,0,0
_,0,0,0,0,0
_,0,0,0,0,0
_,0,0,0,0,0
_,0,0,1,0,0
_,0,0,0,0,0
_,0,0,0,0,0
_,0,0,0,0,0
_,0,0,0,0,0
_,0,0,0,0,0
_,0,0,0,0,0
_,0,0,0,0,0
_,0,0,0,0,0
_,0,0,0,0,0
_,0,0,0,0,0
_,0,0,0,0,0
_,0,0,0,1,0
_,0,0,0,0,0
_,0,0,0,0,0
_,0,0,0,0,0
_,0,0,0,0,0
_,0,0,0,0,0
_,0,0,1,0,0
_,0,0,0,0,0
_,0,0,0,0,0
_,0,0,0,0,0
_,0,0,0,0,0
_,0,0,0,0,0
_,0,1,0,0,0
_,0,0,0,0,0
_,0,0,0,0,0
_,0,0,0,0,0
_,0,0,0,0,0
_,0,0,0,0,0
_,0,0,0,0,0
_,0,0,0,0,0
_,0,0,0,0,0
_,0,0,0,0,0
_,0,0,0,0,0
_,0,0,0,0,0
159,_,_,_,_,_
_,0,0,0,0,0
_,0,0,0,0,0
_,0,0,0,0,0
_,0,0,0,0,0
_,0,0,0,0,0
_,0,0,0,0,0
_,0,0,0,0,0
_,0,0,0,0,0
_,0,0,0,0,0
_,0,0,0,0,0
_,0,0,0,0,0
_,0,0,0,0,0
_,0,0,0,0,0
_,0,0,0,0,0
_,0,0,0,0,0
_,0,0,0,0,0
_,0,0,0,0,0
_,0,0,0,0,0
_,0,0,0,0,0
_,0,0,0,0,0
_,0,0,0,0,0
_,0,0,0,0,0
_,0,0,0,0,0
_,0,0,0,0,0
_,0,0,0,0,0
_,0,0,0,0,0
_,0,0,0,0,0
_,0,0,0,0,0
_,0,0,0,0,0
_,0,0,0,0,0
_,0,0,0,1,0
_,0,0,0,0,0
_,0,0,0,0,0
_,0,0,0,0,0
_,0,0,0,0,0
_,0,0,0,0,0
_,0,0,1,0,0
_,0,0,0,0,0
_,0,0,0,0,0
_,0,0,0,0,0
_,0,0,0,0,0
_,0,0,0,0,0
_,0,0,0,1,0
_,0,0,0,0,0
_,0,0,0,0,0
_,0,0,0,0,0
_,0,0,0,0,0
_,0,0,0,0,0
159,_,_,_,_,_
_,2,0,0,0,0
_,0,0,0,0,0
_,0,0,0,0,0
_,0,0,0,0,0
_,0,0,0,0,0
_,0,0,0,0,0
_,0,0,1,0,0
_,0,0,0,0,0
_,0,0,0,0,0
_,0,0,0,0,0
_,0,0,0,0,0
_,0,0,0,0,0
_,0,0,0,1,0
_,0,0,0,0,0
_,0,0,0,0,0
_,0,0,0,0,0
_,0,0,0,0,0
_,0,0,0,0,0
_,0,0,0,0,1
_,0,0,0,0,0
_,0,0,0,0,0
_,0,0,0,0,0
_,0,0,0,0,0
_,0,0,0,0,0
_,2,0,0,0,0
_,0,0,0,0,0
_,0,0,0,0,0
_,0,0,0,0,0
_,0,0,0,0,0
_,0,0,0,0,0
_,0,1,0,0,0
_,0,0,0,0,0
_,0,0,0,0,0
_,0,0,0,0,0
_,0,0,0,0,0
_,0,0,0,0,0
_,0,0,1,0,0
_,0,0,0,0,0
_,0,0,0,0,0
_,0,0,0,0,0
_,0,0,0,0,0
_,0,0,0,0,0
_,0,0,0,1,0
_,0,0,0,0,0
_,0,0,0,0,0
_,0,0,0,0,0
_,0,0,0,0,0
_,0,0,0,0,0
159,_,_,_,_,_
_,2,0,0,0,0
_,0,0,0,0,0
_,0,0,0,0,0
_,0,0,0,0,0
_,0,0,0,0,0
_,0,0,0,0,0
_,0,0,1,0,0
_,0,0,0,0,0
_,0,0,0,0,0
_,0,0,0,0,0
_,0,0,0,0,0
_,0,0,0,0,0
_,0,0,0,1,0
_,0,0,0,0,0
_,0,0,0,0,0
_,0,0,0,0,0
_,0,0,0,0,0
_,0,0,0,0,0
_,0,0,0,0,1
_,0,0,0,0,0
_,0,0,0,0,0
_,0,0,0,0,0
_,0,0,0,0,0
_,0,0,0,0,0
_,2,0,0,0,0
_,0,0,0,0,0
_,0,0,0,0,0
_,0,0,0,0,0
_,0,0,0,0,0
_,0,0,0,0,0
_,0,1,0,0,0
_,0,0,0,0,0
_,0,0,0,0,0
_,0,0,0,0,0
_,0,0,0,0,0
_,0,0,0,0,0
_,0,0,1,0,0
_,0,0,0,0,0
_,0,0,0,0,0
_,0,0,0,0,0
_,0,0,0,0,0
_,0,0,0,0,0
_,0,0,0,1,0
_,0,0,0,0,0
_,0,0,0,0,0
_,0,0,0,0,0
_,0,0,0,0,0
_,0,0,0,0,0
159,_,_,_,_,_
_,6,0,0,0,0
_,0,0,0,0,0
_,0,0,0,0,0
_,0,0,0,0,0
_,0,0,0,0,0
_,0,0,0,0,0
_,0,0,1,0,0
_,0,0,0,0,0
_,0,0,0,0,0
_,0,0,0,0,0
_,0,0,0,0,0
_,0,0,0,0,0
_,0,0,0,1,0
_,0,0,0,0,0
_,0,0,0,0,0
_,0,0,0,0,0
_,0,0,0,0,0
_,0,0,0,0,0
_,0,0,0,0,1
_,0,0,0,0,0
_,0,0,0,0,0
_,0,0,0,0,0
_,0,0,0,0,0
_,0,0,0,0,0
_,6,0,0,0,0
_,0,0,0,0,0
_,0,0,0,0,0
_,0,0,0,0,0
_,0,0,0,0,0
_,0,0,0,0,0
_,0,1,0,0,0
_,0,0,0,0,0
_,0,0,0,0,0
_,0,0,0,0,0
_,0,0,0,0,0
_,0,0,0,0,0
_,0,0,1,0,0
_,0,0,0,0,0
_,0,0,0,0,0
_,0,0,0,0,0
_,0,0,0,0,0
_,0,0,0,0,0
_,0,0,0,1,0
_,0,0,0,0,0
_,0,0,0,0,0
_,0,0,0,0,0
_,0,0,0,0,0
_,0,0,0,0,0
159,_,_,_,_,_
_,6,0,0,0,0
_,0,0,0,0,0
_,0,0,0,0,0
_,0,0,0,0,0
_,0,0,0,0,0
_,0,0,0,0,0
_,0,0,1,0,0
_,0,0,0,0,0
_,0,0,0,0,0
_,0,0,0,0,0
_,0,0,0,0,0
_,0,0,0,0,0
_,0,0,0,1,0
_,0,0,0,0,0
_,0,0,0,0,0
_,0,0,0,0,0
_,0,0,0,0,0
_,0,0,0,0,0
_,0,0,0,0,1
_,0,0,0,0,0
_,0,0,0,0,0
_,0,0,0,0,0
_,0,0,0,0,0
_,0,0,0,0,0
_,6,0,0,0,0
_,0,0,0,0,0
_,0,0,0,0,0
_,0,0,0,0,0
_,0,0,0,0,0
_,0,0,0,0,0
_,0,1,0,0,0
_,0,0,0,0,0
_,0,0,0,0,0
_,0,0,0,0,0
_,0,0,0,0,0
_,0,0,0,0,0
_,0,0,1,0,0
_,0,0,0,0,0
_,0,0,0,0,0
_,0,0,0,0,0
_,0,0,0,0,0
_,0,0,0,0,0
_,0,0,0,1,0
_,0,0,0,0,0
_,0,0,0,0,0
_,0,0,0,0,0
_,0,0,0,0,0
_,0,0,0,0,0
159,_,_,_,_,_
_,8,0,0,0,0
_,0,0,0,0,0
_,0,0,0,0,0
_,0,0,0,0,0
_,0,0,0,0,0
_,0,0,0,0,0
_,0,1,0,0,0
_,0,0,0,0,0
_,0,0,0,0,0
_,0,0,0,0,0
_,0,0,0,0,0
_,0,0,0,0,0
_,0,0,0,1,0
_,0,0,0,0,0
_,0,0,0,0,0
_,0,0,0,0,0
_,0,0,0,0,0
_,0,0,0,0,0
_,0,0,0,0,1
_,0,0,0,0,0
_,0,0,0,0,0
_,0,0,0,0,0
_,0,0,0,0,0
_,0,0,0,0,0
_,8,0,0,0,0
_,0,0,0,0,0
_,0,0,0,0,0
_,0,0,0,0,0
_,0,0,0,0,0
_,0,0,0,0,0
_,0,1,0,0,0
_,0,0,0,0,0
_,0,0,0,0,0
_,0,0,0,0,0
_,0,0,0,0,0
_,0,0,0,0,0
_,0,0,1,0,0
_,0,0,0,0,0
_,0,0,0,0,0
_,0,0,0,0,0
_,0,0,0,0,0
_,0,0,0,0,0
_,0,0,0,0,1
_,0,0,0,0,0
_,0,0,0,0,0
_,0,0,0,0,0
_,0,0,0,0,0
_,0,0,0,0,0
159,_,_,_,_,_
_,8,0,0,0,0
_,0,0,0,0,0
_,0,0,0,0,0
_,0,0,0,0,0
_,0,0,0,0,0
_,0,0,0,0,0
_,0,1,0,0,0
_,0,0,0,0,0
_,0,0,0,0,0
_,0,0,0,0,0
_,0,0,0,0,0
_,0,0,0,0,0
_,0,0,0,1,0
_,0,0,0,0,0
_,0,0,0,0,0
_,0,0,0,0,0
_,0,0,0,0,0
_,0,0,0,0,0
_,0,0,0,0,1
_,0,0,0,0,0
_,0,0,0,0,0
_,0,0,0,0,0
_,0,0,0,0,0
_,0,0,0,0,0
_,8,0,0,0,0
_,0,0,0,0,0
_,0,0,0,0,0
_,0,0,0,0,0
_,0,0,0,0,0
_,0,0,0,0,0
_,0,1,0,0,0
_,0,0,0,0,0
_,0,0,0,0,0
_,0,0,0,0,0
_,0,0,0,0,0
_,0,0,0,0,0
_,0,0,1,0,0
_,0,0,0,0,0
_,0,0,0,0,0
_,0,0,0,0,0
_,0,0,0,0,0
_,0,0,0,0,0
_,0,0,0,0,1
_,0,0,0,0,0
_,0,0,0,0,0
_,0,0,0,0,0
_,0,0,0,0,0
_,0,0,0,0,0
159,_,_,_,_,_
_,4,0,0,0,0
_,0,0,0,0,0
_,0,0,0,0,0
_,0,0,0,0,0
_,0,0,0,0,0
_,0,0,0,0,0
_,0,1,0,0,0
_,0,0,0,0,0
_,0,0,0,0,0
_,0,0,0,0,0
_,0,0,0,0,0
_,0,0,0,0,0
_,0,0,0,1,0
_,0,0,0,0,0
_,0,0,0,0,0
_,0,0,0,0,0
_,0,0,0,0,0
_,0,0,0,0,0
_,0,0,0,0,1
_,0,0,0,0,0
_,0,0,0,0,0
_,0,0,0,0,0
_,0,0,0,0,0
_,0,0,0,0,0
_,4,0,0,0,0
_,0,0,0,0,0
_,0,0,0,0,0
_,0,0,0,0,0
_,0,0,0,0,0
_,0,0,0,0,0
_,0,1,0,0,0
_,0,0,0,0,0
_,0,0,0,0,0
_,0,0,0,0,0
_,0,0,0,0,0
_,0,0,0,0,0
_,0,0,1,0,0
_,0,0,0,0,0
_,0,0,0,0,0
_,0,0,0,0,0
_,0,0,0,0,0
_,0,0,0,0,0
_,0,0,0,0,1
_,0,0,0,0,0
_,0,0,0,0,0
_,0,0,0,0,0
_,0,0,0,0,0
_,0,0,0,0,0
159,_,_,_,_,_
_,4,0,0,0,0
_,0,0,0,0,0
_,0,0,0,0,0
_,0,0,0,0,0
_,0,0,0,0,0
_,0,0,0,0,0
_,0,1,0,0,0
_,0,0,0,0,0
_,0,0,0,0,0
_,0,0,0,0,0
_,0,0,0,0,0
_,0,0,0,0,0
_,0,0,0,1,0
_,0,0,0,0,0
_,0,0,0,0,0
_,0,0,0,0,0
_,0,0,0,0,0
_,0,0,0,0,0
_,0,0,0,0,1
_,0,0,0,0,0
_,0,0,0,0,0
_,0,0,0,0,0
_,0,0,0,0,0
_,0,0,0,0,0
_,4,0,0,0,0
_,0,0,0,0,0
_,0,0,0,0,0
_,0,0,0,0,0
_,0,0,0,0,0
_,0,0,0,0,0
_,0,1,0,0,0
_,0,0,0,0,0
_,0,0,0,0,0
_,0,0,0,0,0
_,0,0,0,0,0
_,0,0,0,0,0
_,0,0,1,0,0
_,0,0,0,0,0
_,0,0,0,0,0
_,0,0,0,0,0
_,0,0,0,0,0
_,0,0,0,0,0
_,0,0,0,0,1
_,0,0,0,0,0
_,0,0,0,0,0
_,0,0,0,0,0
_,0,0,0,0,0
_,0,0,0,0,0
159,_,_,_,_,_
_,0,0,0,1,0
_,0,0,0,0,0
_,0,0,0,0,0
_,0,0,0,0,0
_,0,0,0,0,0
_,0,0,0,0,0
_,0,0,0,0,0
_,0,0,0,0,0
_,0,0,0,0,0
_,0,0,0,0,0
_,0,0,0,0,0
_,0,0,0,0,0
_,0,0,0,0,0
_,0,0,0,0,0
_,0,0,0,0,0
_,0,0,0,0,0
_,0,0,0,0,0
_,0,0,0,0,0
_,0,1,0,0,0
_,0,0,0,0,0
_,0,0,0,0,0
_,0,0,0,0,0
_,0,0,0,0,0
_,0,0,0,0,0
_,0,0,0,1,0
_,0,0,0,0,0
_,0,0,0,0,0
_,0,0,0,0,0
_,0,0,0,0,0
_,0,0,0,0,0
_,0,0,0,0,0
_,0,0,0,0,0
_,0,0,0,0,0
_,0,0,0,0,0
_,0,0,0,0,0
_,0,0,0,0,0
_,0,0,0,0,0
_,0,0,0,0,0
_,0,0,0,0,0
_,0,0,0,0,0
_,0,0,0,0,0
_,0,0,0,0,0
_,0,1,0,0,0
_,0,0,0,0,0
_,0,0,0,0,0
_,0,0,1,0,0
_,0,0,0,0,0
_,0,0,0,0,0
159,_,_,_,_,_
_,0,0,0,1,0
_,0,0,0,0,0
_,0,0,0,0,0
_,0,0,0,0,0
_,0,0,0,0,0
_,0,0,0,0,0
_,0,0,0,0,0
_,0,0,0,0,0
_,0,0,0,0,0
_,0,0,0,0,0
_,0,0,0,0,0
_,0,0,0,0,0
_,0,0,0,0,0
_,0,0,0,0,0
_,0,0,0,0,0
_,0,0,0,0,0
_,0,0,0,0,0
_,0,0,0,0,0
_,0,0,1,0,0
_,0,0,0,0,0
_,0,0,0,0,0
_,0,0,0,0,0
_,0,0,0,0,0
_,0,0,0,0,0
_,0,0,1,0,0
_,0,0,0,0,0
_,0,0,0,0,0
_,0,0,0,0,0
_,0,0,0,0,0
_,0,0,0,0,0
_,0,0,0,0,0
_,0,0,0,0,0
_,0,0,0,0,0
_,0,0,0,0,0
_,0,0,0,0,0
_,0,0,0,0,0
_,0,1,0,0,0
_,0,0,0,0,0
_,0,0,0,0,0
_,0,0,0,0,0
_,0,0,0,0,0
_,0,0,0,0,0
_,0,0,0,0,0
_,0,0,0,0,0
_,0,0,0,0,0
_,0,0,0,0,0
_,0,0,0,0,0
_,0,0,0,0,0
159,_,_,_,_,_
_,0,0,0,0,1
_,0,0,0,0,0
_,0,0,0,0,0
_,0,0,0,0,0
_,0,0,0,0,0
_,0,0,0,0,0
_,0,0,0,0,0
_,0,0,0,0,0
_,0,0,0,0,0
_,0,0,0,0,0
_,0,0,0,0,0
_,0,0,0,0,0
_,0,0,0,0,0
_,0,0,0,0,0
_,0,0,0,0,0
_,0,0,0,0,0
_,0,0,0,0,0
_,0,0,0,0,0
_,0,1,0,0,0
_,0,0,0,0,0
_,0,0,0,0,0
_,0,0,0,1,0
_,0,0,0,0,0
_,0,0,0,0,0
_,0,1,0,0,0
_,0,0,0,0,0
_,0,0,0,0,0
_,0,0,0,0,0
_,0,0,0,0,0
_,0,0,0,0,0
_,0,0,0,0,0
_,0,0,0,0,0
_,0,0,0,0,0
_,0,0,0,0,0
_,0,0,0,0,0
_,0,0,0,0,0
_,0,0,1,0,0
_,0,0,0,0,0
_,0,0,0,0,0
_,0,0,0,0,0
_,0,0,0,0,0
_,0,0,0,0,0
_,0,0,0,1,0
_,0,0,0,0,0
_,0,0,0,0,0
_,0,0,0,0,0
_,0,0,0,0,0
_,0,0,0,0,0
159,_,_,_,_,_
_,0,0,1,0,0
_,0,0,0,0,0
_,0,0,0,0,0
_,0,0,0,0,0
_,0,0,0,0,0
_,0,0,0,0,0
_,0,0,0,0,0
_,0,0,0,0,0
_,0,0,0,0,0
_,0,0,0,0,0
_,0,0,0,0,0
_,0,0,0,0,0
_,0,0,0,0,0
_,0,0,0,0,0
_,0,0,0,0,0
_,0,0,0,0,0
_,0,0,0,0,0
_,0,0,0,0,0
_,0,0,0,1,0
_,0,0,0,0,0
_,0,0,0,0,0
_,0,0,0,0,0
_,0,0,0,0,0
_,0,0,0,0,0
_,0,0,0,0,0
_,0,0,0,0,0
_,0,0,0,0,0
_,0,0,0,0,0
_,0,0,0,0,0
_,0,0,0,0,0
_,0,0,1,0,0
_,0,0,0,0,0
_,0,0,0,0,0
_,0,0,0,1,0
_,0,0,0,0,0
_,0,0,0,0,0
_,0,0,0,0,1
_,0,0,0,0,0
_,0,0,0,0,0
_,0,0,0,1,0
_,0,0,0,0,0
_,0,0,0,0,0
_,0,0,1,0,0
_,0,0,0,0,0
_,0,0,0,0,0
_,0,1,0,0,0
_,0,0,0,0,0
_,0,0,0,0,0
159,_,_,_,_,_
_,8,0,0,0,1
_,0,0,0,0,0
_,0,0,0,0,0
_,0,0,0,0,0
_,0,0,0,0,0
_,0,0,0,0,0
_,0,0,0,0,0
_,0,0,0,0,0
_,0,0,0,0,0
_,0,0,0,0,0
_,0,0,0,0,0
_,0,0,0,0,0
_,0,0,0,0,0
_,0,0,0,0,0
_,0,0,0,0,0
_,0,0,0,0,0
_,0,0,0,0,0
_,0,0,0,0,0
_,0,0,1,0,0
_,0,0,0,0,0
_,0,0,0,0,0
_,0,0,0,0,0
_,0,0,0,0,0
_,0,0,0,0,0
_,8,0,0,0,1
_,0,0,0,0,0
_,0,0,0,0,0
_,0,0,0,0,0
_,0,0,0,0,0
_,0,0,0,0,0
_,0,0,0,0,0
_,0,0,0,0,0
_,0,0,0,0,0
_,0,0,0,0,0
_,0,0,0,0,0
_,0,0,0,0,0
_,0,0,0,0,0
_,0,0,0,0,0
_,0,0,0,0,0
_,0,0,0,0,0
_,0,0,0,0,0
_,0,0,0,0,0
_,0,1,0,0,0
_,0,0,0,0,0
_,0,0,0,0,0
_,0,0,1,0,0
_,0,0,0,0,0
_,0,0,0,0,0
159,_,_,_,_,_
_,0,0,0,1,1
_,0,0,0,0,0
_,0,0,0,0,0
_,0,0,0,0,0
_,0,0,0,0,0
_,0,0,0,0,0
_,0,0,0,0,0
_,0,0,0,0,0
_,0,0,0,0,0
_,0,0,0,0,0
_,0,0,0,0,0
_,0,0,0,0,0
_,0,0,0,0,0
_,0,0,0,0,0
_,0,0,0,0,0
_,0,0,0,0,0
_,0,0,0,0,0
_,0,0,0,0,0
_,0,0,1,0,0
_,0,0,0,0,0
_,0,0,0,0,0
_,0,0,0,0,0
_,0,0,0,0,0
_,0,0,0,0,0
_,0,0,1,0,0
_,0,0,0,0,0
_,0,0,0,0,0
_,0,0,0,0,0
_,0,0,0,0,0
_,0,0,0,0,0
_,0,0,0,0,0
_,0,0,0,0,0
_,0,0,0,0,0
_,0,0,0,0,0
_,0,0,0,0,0
_,0,0,0,0,0
_,0,1,0,0,0
_,0,0,0,0,0
_,0,0,0,0,0
_,0,0,0,0,0
_,0,0,0,0,0
_,0,0,0,0,0
_,0,0,0,0,0
_,0,0,0,0,0
_,0,0,0,0,0
_,0,0,0,0,0
_,0,0,0,0,0
_,0,0,0,0,0
159,_,_,_,_,_
_,8,0,0,0,1
_,0,0,0,0,0
_,0,0,0,0,0
_,0,0,0,0,0
_,0,0,0,0,0
_,0,0,0,0,0
_,0,0,0,0,0
_,0,0,0,0,0
_,0,0,0,0,0
_,0,0,0,0,0
_,0,0,0,0,0
_,0,0,0,0,0
_,0,0,0,0,0
_,0,0,0,0,0
_,0,0,0,0,0
_,0,0,0,0,0
_,0,0,0,0,0
_,0,0,0,0,0
_,0,1,0,0,0
_,0,0,0,0,0
_,0,0,0,0,0
_,0,0,0,0,0
_,0,0,0,0,0
_,0,0,0,0,0
_,0,0,1,0,0
_,0,0,0,0,0
_,0,0,0,0,0
_,0,0,0,0,0
_,0,0,0,0,0
_,0,0,0,0,0
_,0,0,0,0,0
_,0,0,0,0,0
_,0,0,0,0,0
_,0,0,0,0,0
_,0,0,0,0,0
_,0,0,0,0,0
_,0,0,0,1,0
_,0,0,0,0,0
_,0,0,0,0,0
_,0,0,0,0,0
_,0,0,0,0,0
_,0,0,0,0,0
_,0,0,0,0,1
_,0,0,0,0,0
_,0,0,0,0,0
_,0,0,0,0,0
_,0,0,0,0,0
_,0,0,0,0,0
159,_,_,_,_,_
_,8,1,0,0,0
_,0,0,0,0,0
_,0,0,0,0,0
_,0,0,0,0,0
_,0,0,0,0,0
_,0,0,0,0,0
_,0,0,0,0,0
_,0,0,0,0,0
_,0,0,0,0,0
_,0,0,0,0,0
_,0,0,0,0,0
_,0,0,0,0,0
_,0,0,0,0,0
_,0,0,0,0,0
_,0,0,0,0,0
_,0,0,0,0,0
_,0,0,0,0,0
_,0,0,0,0,0
_,8,0,1,0,0
_,0,0,0,0,0
_,0,0,0,0,0
_,0,0,0,0,0
_,0,0,0,0,0
_,0,0,0,0,0
_,0,0,0,0,0
_,0,0,0,0,0
_,0,0,0,0,0
_,0,0,0,0,0
_,0,0,0,0,0
_,0,0,0,0,0
_,0,0,0,0,0
_,0,0,0,0,0
_,0,0,0,0,0
_,0,0,0,0,0
_,0,0,0,0,0
_,0,0,0,0,0
_,8,0,0,0,1
_,0,0,0,0,0
_,0,0,0,0,0
_,0,0,0,0,0
_,0,0,0,0,0
_,0,0,0,0,0
_,0,0,0,0,0
_,0,0,0,0,0
_,0,0,0,0,0
_,0,0,0,0,0
_,0,0,0,0,0
_,0,0,0,0,0
159,_,_,_,_,_
_,6,0,0,1,0
_,0,0,0,0,0
_,0,0,0,0,0
_,0,0,0,0,0
_,0,0,0,0,0
_,0,0,0,0,0
_,0,0,0,0,0
_,0,0,0,0,0
_,0,0,0,0,0
_,0,0,0,0,0
_,0,0,0,0,0
_,0,0,0,0,0
_,0,0,0,0,0
_,0,0,0,0,0
_,0,0,0,0,0
_,0,0,0,0,0
_,0,0,0,0,0
_,0,0,0,0,0
_,0,0,0,0,0
_,0,0,0,0,0
_,0,0,0,0,0
_,0,0,0,0,0
_,0,0,0,0,0
_,0,0,0,0,0
_,0,0,0,0,0
_,0,0,0,0,0
_,0,0,0,0,0
_,0,0,0,0,0
_,0,0,0,0,0
_,0,0,0,0,0
_,0,0,0,0,0
_,0,0,0,0,0
_,0,0,0,0,0
_,0,0,0,0,0
_,0,0,0,0,0
_,0,0,0,0,0
_,0,0,0,0,0
_,0,0,0,0,0
_,0,0,0,0,0
_,0,0,0,0,0
_,0,0,0,0,0
_,0,0,0,0,0
_,0,0,0,0,0
_,0,0,0,0,0
_,0,0,0,0,0
_,0,0,0,0,0
_,0,0,0,0,0
_,0,0,0,0,0
