Azel,8,2,0,wa
158,_,_,_,_,_
_,0,0,0,0,0
_,0,0,0,0,0
_,0,0,0,0,0
_,8,1,0,0,0
_,0,0,0,0,0
_,0,0,0,0,0
_,0,0,0,0,0
_,0,0,0,0,0
_,0,0,0,0,0
_,0,0,0,1,0
_,0,0,0,0,0
_,0,0,0,0,0
_,0,0,0,0,0
_,0,0,0,0,0
_,0,0,0,0,0
_,0,0,1,0,0
_,0,0,0,0,0
_,0,0,0,0,0
_,0,0,0,0,0
_,0,0,0,0,0
_,0,0,0,0,0
_,0,0,0,1,0
_,0,0,0,0,0
_,0,0,0,0,0
_,0,0,0,0,0
_,0,0,0,0,0
_,0,0,0,0,0
_,0,0,0,0,1
_,0,0,0,0,0
_,0,0,0,0,0
_,0,0,0,0,0
_,0,0,0,0,0
_,0,0,0,0,0
_,0,0,0,1,0
_,0,0,0,0,0
_,0,0,0,0,0
_,0,0,0,0,0
_,0,0,0,0,0
_,0,0,0,0,0
_,0,0,1,0,0
_,0,0,0,0,0
_,0,0,0,0,0
_,0,0,0,0,0
_,0,0,0,0,0
_,0,0,0,0,0
_,0,0,0,1,0
_,0,0,0,0,0
_,0,0,0,0,0
_,0,0,0,0,0
_,0,0,0,0,0
_,0,0,0,0,0
158,_,_,_,_,_
_,8,1,0,0,0
_,0,0,0,0,0
_,0,0,0,0,0
_,0,0,0,0,0
_,0,0,0,0,0
_,0,0,0,0,0
_,0,0,0,1,0
_,0,0,0,0,0
_,0,0,0,0,0
_,0,0,0,0,0
_,0,0,0,0,0
_,0,0,0,0,0
_,0,0,1,0,0
_,0,0,0,0,0
_,0,0,0,0,0
_,0,0,0,0,0
_,0,0,0,0,0
_,0,0,0,0,0
_,0,0,0,1,0
_,0,0,0,0,0
_,0,0,0,0,0
_,0,0,0,0,0
_,0,0,0,0,0
_,0,0,0,0,0
_,0,0,0,0,1
_,0,0,0,0,0
_,0,0,0,0,0
_,0,0,0,0,0
_,0,0,0,0,0
_,0,0,0,0,0
_,0,0,0,1,0
_,0,0,0,0,0
_,0,0,0,0,0
_,0,0,0,0,0
_,0,0,0,0,0
_,0,0,0,0,0
_,0,0,1,0,0
_,0,0,0,0,0
_,0,0,0,0,0
_,0,0,0,0,0
_,0,0,0,0,0
_,0,0,0,0,0
_,0,0,0,1,0
_,0,0,0,0,0
_,0,0,0,0,0
_,0,0,0,0,0
_,0,0,0,0,0
_,0,0,0,0,0
158,_,_,_,_,_
_,8,1,0,0,0
_,0,0,0,0,0
_,0,0,0,0,0
_,0,0,0,0,0
_,0,0,0,0,0
_,0,0,0,0,0
_,0,0,0,1,0
_,0,0,0,0,0
_,0,0,0,0,0
_,0,0,0,0,0
_,0,0,0,0,0
_,0,0,0,0,0
_,0,0,1,0,0
_,0,0,0,0,0
_,0,0,0,0,0
_,0,0,0,0,0
_,0,0,0,0,0
_,0,0,0,0,0
_,0,0,0,1,0
_,0,0,0,0,0
_,0,0,0,0,0
_,0,0,0,0,0
_,0,0,0,0,0
_,0,0,0,0,0
_,0,0,0,0,1
_,0,0,0,0,0
_,0,0,0,0,0
_,0,0,0,0,0
_,0,0,0,0,0
_,0,0,0,0,0
_,0,0,0,1,0
_,0,0,0,0,0
_,0,0,0,0,0
_,0,0,0,0,0
_,0,0,0,0,0
_,0,0,0,0,0
_,0,0,1,0,0
_,0,0,0,0,0
_,0,0,0,0,0
_,0,0,0,0,0
_,0,0,0,0,0
_,0,0,0,0,0
_,0,0,0,1,0
_,0,0,0,0,0
_,0,0,0,0,0
_,0,0,0,0,0
_,0,0,0,0,0
_,0,0,0,0,0
158,_,_,_,_,_
_,8,1,0,0,0
_,0,0,0,0,0
_,0,0,0,0,0
_,0,0,0,0,0
_,0,0,0,0,0
_,0,0,0,0,0
_,0,0,0,1,0
_,0,0,0,0,0
_,0,0,0,0,0
_,0,0,0,0,0
_,0,0,0,0,0
_,0,0,0,0,0
_,0,0,1,0,0
_,0,0,0,0,0
_,0,0,0,0,0
_,0,0,0,0,0
_,0,0,0,0,0
_,0,0,0,0,0
_,0,0,0,1,0
_,0,0,0,0,0
_,0,0,0,0,0
_,0,0,0,0,0
_,0,0,0,0,0
_,0,0,0,0,0
_,0,0,0,0,1
_,0,0,0,0,0
_,0,0,0,0,0
_,0,0,0,0,0
_,0,0,0,0,0
_,0,0,0,0,0
_,0,0,0,1,0
_,0,0,0,0,0
_,0,0,0,0,0
_,0,0,0,0,0
_,0,0,0,0,0
_,0,0,0,0,0
_,0,0,1,0,0
_,0,0,0,0,0
_,0,0,0,0,0
_,0,0,0,0,0
_,0,0,0,0,0
_,0,0,0,0,0
_,0,0,0,1,0
_,0,0,0,0,0
_,0,0,0,0,0
_,0,0,0,0,0
_,0,0,0,0,0
_,0,0,0,0,0
158,_,_,_,_,_
_,0,1,0,0,48
_,0,0,0,0,0
_,0,0,0,0,0
_,0,0,0,0,0
_,0,0,0,0,0
_,0,0,0,0,0
_,0,0,0,1,0
_,0,0,0,0,0
_,0,0,0,0,0
_,0,0,0,0,0
_,0,0,0,0,0
_,0,0,0,0,0
_,0,0,1,0,0
_,0,0,0,0,0
_,0,0,0,0,0
_,0,0,0,0,0
_,0,0,0,0,0
_,0,0,0,0,0
_,0,0,0,1,0
_,0,0,0,0,0
_,0,0,0,0,0
_,0,0,0,0,0
_,0,0,0,0,0
_,0,0,0,0,0
_,0,1,0,0,0
_,0,0,0,0,0
_,0,0,0,0,0
_,0,0,0,0,0
_,0,0,0,0,0
_,0,0,0,0,0
_,0,0,1,0,0
_,0,0,0,0,0
_,0,0,0,0,0
_,0,0,0,0,0
_,0,0,0,0,0
_,0,0,0,0,0
_,0,0,0,1,0
_,0,0,0,0,0
_,0,0,0,0,0
_,0,0,0,0,0
_,0,0,0,0,0
_,0,0,0,0,0
_,0,0,1,0,0
_,0,0,0,0,0
_,0,0,0,0,0
_,0,0,0,0,0
_,0,0,0,0,0
_,0,0,0,0,0
158,_,_,_,_,_
_,0,1,0,48,0
_,0,0,0,0,0
_,0,0,0,0,0
_,0,0,0,0,0
_,0,0,0,0,0
_,0,0,0,0,0
_,0,0,0,0,1
_,0,0,0,0,0
_,0,0,0,0,0
_,0,0,0,0,0
_,0,0,0,0,0
_,0,0,0,0,0
_,0,0,1,0,0
_,0,0,0,0,0
_,0,0,0,0,0
_,0,0,0,0,0
_,0,0,0,0,0
_,0,0,0,0,0
_,0,0,0,0,1
_,0,0,0,0,0
_,0,0,0,0,0
_,0,0,0,0,0
_,0,0,0,0,0
_,0,0,0,0,0
_,0,1,0,0,0
_,0,0,0,0,0
_,0,0,0,0,0
_,0,0,0,0,0
_,0,0,0,0,0
_,0,0,0,0,0
_,0,0,1,0,0
_,0,0,0,0,0
_,0,0,0,0,0
_,0,0,0,0,0
_,0,0,0,0,0
_,0,0,0,0,0
_,0,0,0,0,1
_,0,0,0,0,0
_,0,0,0,0,0
_,0,0,0,0,0
_,0,0,0,0,0
_,0,0,0,0,0
_,0,0,1,0,0
_,0,0,0,0,0
_,0,0,0,0,0
_,0,0,0,0,0
_,0,0,0,0,0
_,0,0,0,0,0
158,_,_,_,_,_
_,0,48,0,0,1
_,0,0,0,0,0
_,0,0,0,0,0
_,0,0,0,0,0
_,0,0,0,0,0
_,0,0,0,0,0
_,0,0,1,0,0
_,0,0,0,0,0
_,0,0,0,0,0
_,0,0,0,0,0
_,0,0,0,0,0
_,0,0,0,0,0
_,0,0,0,1,0
_,0,0,0,0,0
_,0,0,0,0,0
_,0,0,0,0,0
_,0,0,0,0,0
_,0,0,0,0,0
_,0,0,1,0,0
_,0,0,0,0,0
_,0,0,0,0,0
_,0,0,0,0,0
_,0,0,0,0,0
_,0,0,0,0,0
_,0,0,0,0,1
_,0,0,0,0,0
_,0,0,0,0,0
_,0,0,0,0,0
_,0,0,0,0,0
_,0,0,0,0,0
_,0,0,0,1,0
_,0,0,0,0,0
_,0,0,0,0,0
_,0,0,0,0,0
_,0,0,0,0,0
_,0,0,0,0,0
_,0,0,1,0,0
_,0,0,0,0,0
_,0,0,0,0,0
_,0,0,0,0,0
_,0,0,0,0,0
_,0,0,0,0,0
_,0,0,0,1,0
_,0,0,0,0,0
_,0,0,0,0,0
_,0,0,0,0,0
_,0,0,0,0,0
_,0,0,0,0,0
158,_,_,_,_,_
_,0,0,1,0,1
_,0,0,0,0,0
_,0,0,0,0,0
_,0,0,0,0,0
_,0,0,0,0,0
_,0,0,0,0,0
_,0,1,0,0,0
_,0,0,0,0,0
_,0,0,0,0,0
_,0,0,0,0,0
_,0,0,0,0,0
_,0,0,0,0,0
_,0,0,0,1,0
_,0,0,0,0,0
_,0,0,0,0,0
_,0,0,0,0,0
_,0,0,0,0,0
_,0,0,0,0,0
_,0,1,0,0,0
_,0,0,0,0,0
_,0,0,0,0,0
_,0,0,0,0,0
_,0,0,0,0,0
_,0,0,0,0,0
_,0,0,1,0,0
_,0,0,0,0,0
_,0,0,0,0,0
_,0,0,0,0,0
_,0,0,0,0,0
_,0,0,0,0,0
_,0,0,0,0,1
_,0,0,0,0,0
_,0,0,0,0,0
_,0,0,0,0,0
_,0,0,0,0,0
_,0,0,0,0,0
_,0,1,0,0,0
_,0,0,0,0,0
_,0,0,0,0,0
_,0,0,0,0,0
_,0,0,0,0,0
_,0,0,0,0,0
_,0,0,0,1,0
_,0,0,0,0,0
_,0,0,0,0,0
_,0,0,0,0,0
_,0,0,0,0,0
_,0,0,0,0,0
158,_,_,_,_,_
_,0,1,0,0,0
_,0,0,0,0,0
_,0,0,0,0,0
_,0,0,0,0,0
_,0,0,0,0,0
_,0,0,0,0,0
_,0,0,1,0,0
_,0,0,0,0,0
_,0,0,0,0,0
_,0,0,0,1,0
_,0,0,0,0,0
_,0,0,0,0,0
_,0,0,0,0,1
_,0,0,0,0,0
_,0,0,0,0,0
_,0,0,0,1,0
_,0,0,0,0,0
_,0,0,0,0,0
_,0,0,1,0,0
_,0,0,0,0,0
_,0,0,0,0,0
_,0,0,0,0,0
_,0,0,0,0,0
_,0,0,0,0,0
_,0,1,0,0,0
_,0,0,0,0,0
_,0,0,0,0,0
_,0,0,0,0,0
_,0,0,0,0,0
_,0,0,0,0,0
_,0,0,1,0,0
_,0,0,0,0,0
_,0,0,0,0,0
_,0,0,0,1,0
_,0,0,0,0,0
_,0,0,0,0,0
_,0,0,0,0,1
_,0,0,0,0,0
_,0,0,0,0,0
_,0,0,0,1,0
_,0,0,0,0,0
_,0,0,0,0,0
_,0,0,1,0,0
_,0,0,0,0,0
_,0,0,0,0,0
_,0,0,0,0,0
_,0,0,0,0,0
_,0,0,0,0,0
158,_,_,_,_,_
_,0,1,0,0,0
_,0,0,0,0,0
_,0,0,0,0,0
_,0,0,0,0,0
_,0,0,0,0,0
_,0,0,0,0,0
_,0,0,1,0,0
_,0,0,0,0,0
_,0,0,0,0,0
_,0,0,0,1,0
_,0,0,0,0,0
_,0,0,0,0,0
_,0,0,0,0,1
_,0,0,0,0,0
_,0,0,0,0,0
_,0,0,0,1,0
_,0,0,0,0,0
_,0,0,0,0,0
_,0,0,1,0,0
_,0,0,0,0,0
_,0,0,0,0,0
_,0,0,0,0,0
_,0,0,0,0,0
_,0,0,0,0,0
_,0,1,0,0,0
_,0,0,0,0,0
_,0,0,0,0,0
_,0,0,0,0,0
_,0,0,0,0,0
_,0,0,0,0,0
_,2,0,1,0,0
_,0,0,0,0,0
_,0,0,0,0,0
_,0,0,0,1,0
_,0,0,0,0,0
_,0,0,0,0,0
_,0,0,0,0,1
_,0,0,0,0,0
_,0,0,0,0,0
_,0,0,0,1,0
_,0,0,0,0,0
_,0,0,0,0,0
_,0,0,1,0,0
_,0,0,0,0,0
_,0,0,0,0,0
_,0,0,0,0,0
_,0,0,0,0,0
_,0,0,0,0,0
158,_,_,_,_,_
_,2,0,0,0,1
_,0,0,0,0,0
_,0,0,0,0,0
_,0,0,0,0,0
_,0,0,0,0,0
_,0,0,0,0,0
_,0,0,0,1,0
_,0,0,0,0,0
_,0,0,0,0,0
_,0,0,1,0,0
_,0,0,0,0,0
_,0,0,0,0,0
_,0,1,0,0,0
_,0,0,0,0,0
_,0,0,0,0,0
_,0,0,1,0,0
_,0,0,0,0,0
_,0,0,0,0,0
_,0,0,0,1,0
_,0,0,0,0,0
_,0,0,0,0,0
_,0,0,0,0,0
_,0,0,0,0,0
_,0,0,0,0,0
_,0,0,0,0,1
_,0,0,0,0,0
_,0,0,0,0,0
_,0,0,0,0,0
_,0,0,0,0,0
_,0,0,0,0,0
_,0,0,0,1,0
_,0,0,0,0,0
_,0,0,0,0,0
_,0,0,1,0,0
_,0,0,0,0,0
_,0,0,0,0,0
_,0,1,0,0,0
_,0,0,0,0,0
_,0,0,0,0,0
_,0,0,1,0,0
_,0,0,0,0,0
_,0,0,0,0,0
_,0,0,0,1,0
_,0,0,0,0,0
_,0,0,0,0,0
_,0,0,0,0,0
_,0,0,0,0,0
_,0,0,0,0,0
158,_,_,_,_,_
_,0,0,0,0,1
_,0,0,0,0,0
_,0,0,0,0,0
_,0,0,0,0,0
_,0,0,0,0,0
_,0,0,0,0,0
_,0,0,0,1,0
_,0,0,0,0,0
_,0,0,0,0,0
_,0,0,1,0,0
_,0,0,0,0,0
_,0,0,0,0,0
_,0,1,0,0,0
_,0,0,0,0,0
_,0,0,0,0,0
_,0,0,1,0,0
_,0,0,0,0,0
_,0,0,0,0,0
_,0,0,0,1,0
_,0,0,0,0,0
_,0,0,0,0,0
_,0,0,0,0,0
_,0,0,0,0,0
_,0,0,0,0,0
_,0,0,0,0,1
_,0,0,0,0,0
_,0,0,0,0,0
_,0,0,0,0,0
_,0,0,0,0,0
_,0,0,0,0,0
_,2,0,0,1,0
_,0,0,0,0,0
_,0,0,0,0,0
_,0,0,1,0,0
_,0,0,0,0,0
_,0,0,0,0,0
_,0,1,0,0,0
_,0,0,0,0,0
_,0,0,0,0,0
_,0,0,1,0,0
_,0,0,0,0,0
_,0,0,0,0,0
_,0,0,0,1,0
_,0,0,0,0,0
_,0,0,0,0,0
_,0,0,0,0,0
_,0,0,0,0,0
_,0,0,0,0,0
158,_,_,_,_,_
_,6,1,0,0,0
_,0,0,0,0,0
_,0,0,0,0,0
_,0,0,0,0,0
_,0,0,0,0,0
_,0,0,0,0,0
_,0,0,1,0,0
_,0,0,0,0,0
_,0,0,0,0,0
_,0,0,0,0,0
_,0,0,0,0,0
_,0,0,0,0,0
_,6,0,0,0,1
_,0,0,0,0,0
_,0,0,0,0,0
_,0,0,0,0,0
_,0,0,0,0,0
_,0,0,0,0,0
_,0,0,0,1,0
_,0,0,0,0,0
_,0,0,0,0,0
_,0,0,0,0,0
_,0,0,0,0,0
_,0,0,0,0,0
_,6,1,0,0,0
_,0,0,0,0,0
_,0,0,0,0,0
_,0,0,0,0,0
_,0,0,0,0,0
_,0,0,0,0,0
_,0,0,1,0,0
_,0,0,0,0,0
_,0,0,0,0,0
_,0,0,0,0,0
_,0,0,0,0,0
_,0,0,0,0,0
_,6,0,0,0,1
_,0,0,0,0,0
_,0,0,0,0,0
_,0,0,0,0,0
_,0,0,0,0,0
_,0,0,0,0,0
_,0,0,0,1,0
_,0,0,0,0,0
_,0,0,0,0,0
_,0,0,0,0,0
_,0,0,0,0,0
_,0,0,0,0,0
158,_,_,_,_,_
_,6,1,0,0,0
_,0,0,0,0,0
_,0,0,0,0,0
_,0,0,0,0,0
_,0,0,0,0,0
_,0,0,0,0,0
_,0,0,1,0,0
_,0,0,0,0,0
_,0,0,0,0,0
_,0,0,0,0,0
_,0,0,0,0,0
_,0,0,0,0,0
_,6,0,0,0,1
_,0,0,0,0,0
_,0,0,0,0,0
_,0,0,0,0,0
_,0,0,0,0,0
_,0,0,0,0,0
_,0,0,0,1,0
_,0,0,0,0,0
_,0,0,0,0,0
_,0,0,0,0,0
_,0,0,0,0,0
_,0,0,0,0,0
_,6,1,0,0,0
_,0,0,0,0,0
_,0,0,0,0,0
_,0,0,0,0,0
_,0,0,0,0,0
_,0,0,0,0,0
_,6,0,1,0,0
_,0,0,0,0,0
_,0,0,0,0,0
_,0,0,0,0,0
_,0,0,0,0,0
_,0,0,0,0,0
_,0,0,0,0,1
_,0,0,0,0,0
_,0,0,0,0,0
_,0,0,0,0,0
_,0,0,0,0,0
_,0,0,0,0,0
_,0,0,0,1,0
_,0,0,0,0,0
_,0,0,0,0,0
_,0,0,0,0,0
_,0,0,0,0,0
_,0,0,0,0,0
158,_,_,_,_,_
_,6,0,0,0,1
_,0,0,0,0,0
_,0,0,0,0,0
_,0,0,0,0,0
_,0,0,0,0,0
_,0,0,0,0,0
_,0,0,0,1,0
_,0,0,0,0,0
_,0,0,0,0,0
_,0,0,0,0,0
_,0,0,0,0,0
_,0,0,0,0,0
_,6,1,0,0,0
_,0,0,0,0,0
_,0,0,0,0,0
_,0,0,0,0,0
_,0,0,0,0,0
_,0,0,0,0,0
_,0,0,1,0,0
_,0,0,0,0,0
_,0,0,0,0,0
_,0,0,0,0,0
_,0,0,0,0,0
_,0,0,0,0,0
_,6,0,0,0,1
_,0,0,0,0,0
_,0,0,0,0,0
_,0,0,0,0,0
_,0,0,0,0,0
_,0,0,0,0,0
_,0,0,0,1,0
_,0,0,0,0,0
_,0,0,0,0,0
_,0,0,0,0,0
_,0,0,0,0,0
_,0,0,0,0,0
_,6,1,0,0,0
_,0,0,0,0,0
_,0,0,0,0,0
_,0,0,0,0,0
_,0,0,0,0,0
_,0,0,0,0,0
_,0,0,1,0,0
_,0,0,0,0,0
_,0,0,0,0,0
_,0,0,0,0,0
_,0,0,0,0,0
_,0,0,0,0,0
158,_,_,_,_,_
_,6,0,0,0,1
_,0,0,0,0,0
_,0,0,0,0,0
_,0,0,0,0,0
_,0,0,0,0,0
_,0,0,0,0,0
_,0,0,0,1,0
_,0,0,0,0,0
_,0,0,0,0,0
_,0,0,0,0,0
_,0,0,0,0,0
_,0,0,0,0,0
_,6,1,0,0,0
_,0,0,0,0,0
_,0,0,0,0,0
_,0,0,0,0,0
_,0,0,0,0,0
_,0,0,0,0,0
_,0,0,1,0,0
_,0,0,0,0,0
_,0,0,0,0,0
_,0,0,0,0,0
_,0,0,0,0,0
_,0,0,0,0,0
_,6,0,0,0,1
_,0,0,0,0,0
_,0,0,0,0,0
_,0,0,0,0,0
_,0,0,0,0,0
_,0,0,0,0,0
_,6,0,0,1,0
_,0,0,0,0,0
_,0,0,0,0,0
_,0,0,0,0,0
_,0,0,0,0,0
_,0,0,0,0,0
_,0,1,0,0,0
_,0,0,0,0,0
_,0,0,0,0,0
_,0,0,0,0,0
_,0,0,0,0,0
_,0,0,0,0,0
_,0,0,1,0,0
_,0,0,0,0,0
_,0,0,0,0,0
_,0,0,0,0,0
_,0,0,0,0,0
_,0,0,0,0,0
158,_,_,_,_,_
_,0,1,0,0,0
_,0,0,0,0,0
_,0,0,0,0,0
_,0,0,0,0,0
_,0,0,0,0,0
_,0,0,0,0,0
_,0,0,1,0,0
_,0,0,0,0,0
_,0,0,0,0,0
_,0,0,0,1,0
_,0,0,0,0,0
_,0,0,0,0,0
_,0,0,0,0,1
_,0,0,0,0,0
_,0,0,0,0,0
_,0,0,0,1,0
_,0,0,0,0,0
_,0,0,0,0,0
_,0,0,1,0,0
_,0,0,0,0,0
_,0,0,0,0,0
_,0,0,0,0,0
_,0,0,0,0,0
_,0,0,0,0,0
_,0,1,0,0,0
_,0,0,0,0,0
_,0,0,0,0,0
_,0,0,0,0,0
_,0,0,0,0,0
_,0,0,0,0,0
_,0,0,1,0,0
_,0,0,0,0,0
_,0,0,0,0,0
_,0,0,0,1,0
_,0,0,0,0,0
_,0,0,0,0,0
_,0,0,0,0,1
_,0,0,0,0,0
_,0,0,0,0,0
_,0,0,0,1,0
_,0,0,0,0,0
_,0,0,0,0,0
_,0,0,1,0,0
_,0,0,0,0,0
_,0,0,0,0,0
_,0,0,0,0,0
_,0,0,0,0,0
_,0,0,0,0,0
158,_,_,_,_,_
_,0,1,0,0,0
_,0,0,0,0,0
_,0,0,0,0,0
_,0,0,0,0,0
_,0,0,0,0,0
_,0,0,0,0,0
_,0,0,1,0,0
_,0,0,0,0,0
_,0,0,0,0,0
_,0,0,0,1,0
_,0,0,0,0,0
_,0,0,0,0,0
_,0,0,0,0,1
_,0,0,0,0,0
_,0,0,0,0,0
_,0,0,0,1,0
_,0,0,0,0,0
_,0,0,0,0,0
_,0,0,1,0,0
_,0,0,0,0,0
_,0,0,0,0,0
_,0,0,0,0,0
_,0,0,0,0,0
_,0,0,0,0,0
_,0,1,0,0,0
_,0,0,0,0,0
_,0,0,0,0,0
_,0,0,0,0,0
_,0,0,0,0,0
_,0,0,0,0,0
_,2,0,1,0,0
_,0,0,0,0,0
_,0,0,0,0,0
_,0,0,0,1,0
_,0,0,0,0,0
_,0,0,0,0,0
_,0,0,0,0,1
_,0,0,0,0,0
_,0,0,0,0,0
_,0,0,0,1,0
_,0,0,0,0,0
_,0,0,0,0,0
_,0,0,1,0,0
_,0,0,0,0,0
_,0,0,0,0,0
_,0,0,0,0,0
_,0,0,0,0,0
_,0,0,0,0,0
158,_,_,_,_,_
_,2,0,0,0,1
_,0,0,0,0,0
_,0,0,0,0,0
_,0,0,0,0,0
_,0,0,0,0,0
_,0,0,0,0,0
_,0,0,0,1,0
_,0,0,0,0,0
_,0,0,0,0,0
_,0,0,1,0,0
_,0,0,0,0,0
_,0,0,0,0,0
_,0,1,0,0,0
_,0,0,0,0,0
_,0,0,0,0,0
_,0,0,1,0,0
_,0,0,0,0,0
_,0,0,0,0,0
_,0,0,0,1,0
_,0,0,0,0,0
_,0,0,0,0,0
_,0,0,0,0,0
_,0,0,0,0,0
_,0,0,0,0,0
_,0,0,0,0,1
_,0,0,0,0,0
_,0,0,0,0,0
_,0,0,0,0,0
_,0,0,0,0,0
_,0,0,0,0,0
_,0,0,0,1,0
_,0,0,0,0,0
_,0,0,0,0,0
_,0,0,1,0,0
_,0,0,0,0,0
_,0,0,0,0,0
_,0,1,0,0,0
_,0,0,0,0,0
_,0,0,0,0,0
_,0,0,1,0,0
_,0,0,0,0,0
_,0,0,0,0,0
_,0,0,0,1,0
_,0,0,0,0,0
_,0,0,0,0,0
_,0,0,0,0,0
_,0,0,0,0,0
_,0,0,0,0,0
158,_,_,_,_,_
_,0,0,0,0,1
_,0,0,0,0,0
_,0,0,0,0,0
_,0,0,0,0,0
_,0,0,0,0,0
_,0,0,0,0,0
_,0,0,0,1,0
_,0,0,0,0,0
_,0,0,0,0,0
_,0,0,1,0,0
_,0,0,0,0,0
_,0,0,0,0,0
_,0,1,0,0,0
_,0,0,0,0,0
_,0,0,0,0,0
_,0,0,1,0,0
_,0,0,0,0,0
_,0,0,0,0,0
_,0,0,0,1,0
_,0,0,0,0,0
_,0,0,0,0,0
_,0,0,0,0,0
_,0,0,0,0,0
_,0,0,0,0,0
_,0,0,0,0,1
_,0,0,0,0,0
_,0,0,0,0,0
_,0,0,0,0,0
_,0,0,0,0,0
_,0,0,0,0,0
_,2,0,0,1,0
_,0,0,0,0,0
_,0,0,0,0,0
_,0,0,1,0,0
_,0,0,0,0,0
_,0,0,0,0,0
_,0,1,0,0,0
_,0,0,0,0,0
_,0,0,0,0,0
_,0,0,1,0,0
_,0,0,0,0,0
_,0,0,0,0,0
_,0,0,0,1,0
_,0,0,0,0,0
_,0,0,0,0,0
_,0,0,0,0,0
_,0,0,0,0,0
_,0,0,0,0,0
158,_,_,_,_,_
_,6,1,0,0,1
_,0,0,0,0,0
_,0,0,0,0,0
_,0,0,0,0,0
_,0,0,0,0,0
_,0,0,0,0,0
_,0,0,1,0,0
_,0,0,0,0,0
_,0,0,0,0,0
_,0,0,0,0,0
_,0,0,0,0,0
_,0,0,0,0,0
_,6,0,0,0,1
_,0,0,0,0,0
_,0,0,0,0,0
_,0,0,0,0,0
_,0,0,0,0,0
_,0,0,0,0,0
_,0,0,0,1,0
_,0,0,0,0,0
_,0,0,0,0,0
_,0,0,0,0,0
_,0,0,0,0,0
_,0,0,0,0,0
_,6,1,0,0,0
_,0,0,0,0,0
_,0,0,0,0,0
_,0,0,0,0,0
_,0,0,0,0,0
_,0,0,0,0,0
_,0,0,1,0,0
_,0,0,0,0,0
_,0,0,0,0,0
_,0,0,0,0,0
_,0,0,0,0,0
_,0,0,0,0,0
_,6,0,0,0,1
_,0,0,0,0,0
_,0,0,0,0,0
_,0,0,0,0,0
_,0,0,0,0,0
_,0,0,0,0,0
_,0,0,0,1,0
_,0,0,0,0,0
_,0,0,0,0,0
_,0,0,0,0,0
_,0,0,0,0,0
_,0,0,0,0,0
158,_,_,_,_,_
_,6,1,0,0,0
_,0,0,0,0,0
_,0,0,0,0,0
_,0,0,0,0,0
_,0,0,0,0,0
_,0,0,0,0,0
_,0,0,1,0,0
_,0,0,0,0,0
_,0,0,0,0,0
_,0,0,0,0,0
_,0,0,0,0,0
_,0,0,0,0,0
_,6,0,0,0,1
_,0,0,0,0,0
_,0,0,0,0,0
_,0,0,0,0,0
_,0,0,0,0,0
_,0,0,0,0,0
_,0,0,0,1,0
_,0,0,0,0,0
_,0,0,0,0,0
_,0,0,0,0,0
_,0,0,0,0,0
_,0,0,0,0,0
_,6,1,0,0,0
_,0,0,0,0,0
_,0,0,0,0,0
_,0,0,0,0,0
_,0,0,0,0,0
_,0,0,0,0,0
_,6,0,1,0,0
_,0,0,0,0,0
_,0,0,0,0,0
_,0,0,0,0,0
_,0,0,0,0,0
_,0,0,0,0,0
_,0,0,0,0,1
_,0,0,0,0,0
_,0,0,0,0,0
_,0,0,0,0,0
_,0,0,0,0,0
_,0,0,0,0,0
_,0,0,0,1,0
_,0,0,0,0,0
_,0,0,0,0,0
_,0,0,0,0,0
_,0,0,0,0,0
_,0,0,0,0,0
158,_,_,_,_,_
_,6,0,0,0,1
_,0,0,0,0,0
_,0,0,0,0,0
_,0,0,0,0,0
_,0,0,0,0,0
_,0,0,0,0,0
_,0,0,1,0,0
_,0,0,0,0,0
_,0,0,0,0,0
_,0,0,0,0,0
_,0,0,0,0,0
_,0,0,0,0,0
_,6,1,0,0,0
_,0,0,0,0,0
_,0,0,0,0,0
_,0,0,0,0,0
_,0,0,0,0,0
_,0,0,0,0,0
_,0,0,0,1,0
_,0,0,0,0,0
_,0,0,0,0,0
_,0,0,0,0,0
_,0,0,0,0,0
_,0,0,0,0,0
_,0,0,1,0,0
_,0,0,0,0,0
_,0,0,0,0,0
_,0,0,0,1,0
_,0,0,0,0,0
_,0,0,0,0,0
_,0,0,1,0,0
_,0,0,0,0,0
_,0,0,0,0,0
_,0,0,0,1,0
_,0,0,0,0,0
_,0,0,0,0,0
_,0,0,1,0,0
_,0,0,0,0,0
_,0,0,0,0,0
_,0,0,0,1,0
_,0,0,0,0,0
_,0,0,0,0,0
_,0,0,1,0,0
_,0,0,0,0,0
_,0,0,0,0,0
_,0,0,0,1,0
_,0,0,0,0,0
_,0,0,0,0,0
158,_,_,_,_,_
_,0,1,0,0,1
_,0,0,0,0,0
_,0,0,0,0,0
_,0,0,0,0,0
_,0,0,0,0,0
_,0,0,0,0,0
_,0,0,0,0,0
_,0,0,0,0,0
_,0,0,0,0,0
_,0,1,0,0,1
_,0,0,0,0,0
_,0,0,0,0,0
_,0,0,0,0,0
_,0,0,0,0,0
_,0,0,0,0,0
_,0,0,0,0,0
_,0,0,0,0,0
_,0,0,0,0,0
_,0,0,1,1,0
_,0,0,0,0,0
_,0,0,0,0,0
_,0,0,0,0,0
_,0,0,0,0,0
_,0,0,0,0,0
_,0,0,0,0,0
_,0,0,0,0,0
_,0,0,0,0,0
_,0,0,0,0,0
_,0,0,0,0,0
_,0,0,0,0,0
_,0,1,0,0,0
_,0,0,0,0,0
_,0,0,0,0,0
_,0,0,0,0,0
_,0,0,0,0,0
_,0,0,0,0,0
_,0,0,0,1,0
_,0,0,0,0,0
_,0,0,0,0,0
_,0,0,0,0,0
_,0,0,0,0,0
_,0,0,0,0,0
_,0,1,0,0,0
_,0,0,0,0,0
_,0,0,0,0,0
_,0,0,0,0,0
_,0,0,0,0,0
_,0,0,0,0,0
158,_,_,_,_,_
_,0,0,18,0,0
_,0,0,0,0,0
_,0,0,0,0,0
_,0,0,0,0,0
_,0,0,0,0,0
_,0,0,0,0,0
_,0,0,0,0,0
_,0,0,0,0,0
_,0,0,0,0,0
_,0,0,0,0,0
_,0,0,0,0,0
_,0,0,0,0,0
_,0,0,0,0,0
_,0,0,0,0,0
_,0,0,0,0,0
_,0,0,0,0,0
_,0,0,0,0,0
_,0,0,0,0,0
_,0,0,0,1,0
_,0,0,0,0,0
_,0,0,0,0,0
_,0,0,0,0,0
_,0,0,0,0,0
_,0,0,0,0,0
_,0,0,0,0,18
_,0,0,0,0,0
_,0,0,0,0,0
_,0,0,0,0,0
_,0,0,0,0,0
_,0,0,0,0,0
_,0,0,0,0,0
_,0,0,0,0,0
_,0,0,0,0,0
_,0,0,0,0,0
_,0,0,0,0,0
_,0,0,0,0,0
_,0,0,0,0,0
_,0,0,0,0,0
_,0,0,0,0,0
_,0,0,0,0,0
_,0,0,0,0,0
_,0,0,0,0,0
_,0,0,0,0,0
_,0,0,0,0,0
_,0,0,0,0,0
_,0,0,0,0,0
_,0,0,0,0,0
_,0,0,0,0,0
158,_,_,_,_,_
_,0,0,0,0,1
_,0,0,0,0,0
_,0,0,0,0,0
_,0,0,0,0,0
_,0,0,0,0,0
_,0,0,0,0,0
_,0,0,1,0,0
_,0,0,0,0,0
_,0,0,0,0,0
_,0,0,0,0,0
_,0,0,0,0,0
_,0,0,0,0,0
_,0,0,0,1,0
_,0,0,0,0,0
_,0,0,0,0,0
_,0,0,0,0,0
_,0,0,0,0,0
_,0,0,0,0,0
_,0,0,0,0,1
_,0,0,0,0,0
_,0,0,0,0,0
_,0,0,0,0,0
_,0,0,0,0,0
_,0,0,0,0,0
_,0,0,0,12,0
_,0,0,0,0,0
_,0,0,0,0,0
_,0,0,0,0,0
_,0,0,0,0,0
_,0,0,0,0,0
_,0,0,0,0,0
_,0,0,0,0,0
_,0,0,0,0,0
_,0,0,0,0,0
_,0,0,0,0,0
_,0,0,0,0,0
_,0,1,0,0,0
_,0,0,0,0,0
_,0,0,0,0,0
_,0,0,0,0,0
_,0,0,0,0,0
_,0,0,0,0,0
_,0,0,1,0,0
_,0,0,0,0,0
_,0,0,0,0,0
_,0,0,0,0,0
_,0,0,0,0,0
_,0,0,0,0,0
158,_,_,_,_,_
_,0,0,0,1,0
_,0,0,0,0,0
_,0,0,0,0,0
_,0,0,0,0,0
_,0,0,0,0,0
_,0,0,0,0,0
_,0,0,0,0,1
_,0,0,0,0,0
_,0,0,0,0,0
_,0,0,0,0,0
_,0,0,0,0,0
_,0,0,0,0,0
_,0,0,1,0,0
_,0,0,0,0,0
_,0,0,0,0,0
_,0,0,0,1,0
_,0,0,0,0,0
_,0,0,0,0,0
_,0,0,0,0,1
_,0,0,0,0,0
_,0,0,0,0,0
_,0,0,0,0,0
_,0,0,0,0,0
_,0,0,0,0,0
_,0,0,0,1,0
_,0,0,0,0,0
_,0,0,0,0,0
_,0,0,0,0,0
_,0,0,0,0,0
_,0,0,0,0,0
_,0,0,0,0,0
_,0,0,0,0,0
_,0,0,0,0,0
_,0,0,1,0,0
_,0,0,0,0,0
_,0,0,0,0,0
_,0,0,0,0,0
_,0,0,0,0,0
_,0,0,0,0,0
_,0,0,0,0,0
_,0,0,0,0,0
_,0,0,0,0,0
_,0,1,0,0,0
_,0,0,0,0,0
_,0,0,0,0,0
_,0,0,0,0,0
_,0,0,0,0,0
_,0,0,0,0,0
158,_,_,_,_,_
_,0,0,0,18,0
_,0,0,0,0,0
_,0,0,0,0,0
_,0,0,0,0,0
_,0,0,0,0,0
_,0,0,0,0,0
_,0,0,0,0,0
_,0,0,0,0,0
_,0,0,0,0,0
_,0,0,0,0,0
_,0,0,0,0,0
_,0,0,0,0,0
_,0,0,0,0,0
_,0,0,0,0,0
_,0,0,0,0,0
_,0,0,0,0,0
_,0,0,0,0,0
_,0,0,0,0,0
_,0,0,1,0,0
_,0,0,0,0,0
_,0,0,0,0,0
_,0,0,0,1,0
_,0,0,0,0,0
_,0,0,0,0,0
_,0,18,0,0,0
_,0,0,0,0,0
_,0,0,0,0,0
_,0,0,0,0,0
_,0,0,0,0,0
_,0,0,0,0,0
_,0,0,0,0,0
_,0,0,0,0,0
_,0,0,0,0,0
_,0,0,0,0,0
_,0,0,0,0,0
_,0,0,0,0,0
_,0,0,0,0,0
_,0,0,0,0,0
_,0,0,0,0,0
_,0,0,0,0,0
_,0,0,0,0,0
_,0,0,0,0,0
_,0,0,0,0,0
_,0,0,0,0,0
_,0,0,0,0,0
_,0,0,0,0,0
_,0,0,0,0,0
_,0,0,0,0,0
158,_,_,_,_,_
_,0,24,0,0,0
_,0,0,0,0,0
_,0,0,0,0,0
_,0,0,0,0,0
_,0,0,0,0,0
_,0,0,0,0,0
_,0,0,0,0,0
_,0,0,0,0,0
_,0,0,0,0,0
_,0,0,0,0,0
_,0,0,0,0,0
_,0,0,0,0,0
_,0,0,0,0,0
_,0,0,0,0,0
_,0,0,0,0,0
_,0,0,0,0,0
_,0,0,0,0,0
_,0,0,0,0,0
_,0,0,0,0,0
_,0,0,0,0,0
_,0,0,0,0,0
_,0,0,0,0,0
_,0,0,0,0,0
_,0,0,0,0,0
_,0,0,0,0,18
_,0,0,0,0,0
_,0,0,0,0,0
_,0,0,0,0,0
_,0,0,0,0,0
_,0,0,0,0,0
_,0,0,0,0,0
_,0,0,0,0,0
_,0,0,0,0,0
_,0,0,0,0,0
_,0,0,0,0,0
_,0,0,0,0,0
_,0,0,0,0,0
_,0,0,0,0,0
_,0,0,0,0,0
_,0,0,0,0,0
_,0,0,0,0,0
_,0,0,0,0,0
_,0,0,0,0,0
_,0,0,0,0,0
_,0,0,0,0,0
_,0,0,0,0,0
_,0,0,0,0,0
_,0,0,0,0,0
158,_,_,_,_,_
_,0,0,0,0,1
_,0,0,0,0,0
_,0,0,0,0,0
_,0,0,0,0,0
_,0,0,0,0,0
_,0,0,0,0,0
_,0,0,1,0,0
_,0,0,0,0,0
_,0,0,0,0,0
_,0,0,0,0,0
_,0,0,0,0,0
_,0,0,0,0,0
_,0,0,0,1,0
_,0,0,0,0,0
_,0,0,0,0,0
_,0,0,0,0,0
_,0,0,0,0,0
_,0,0,0,0,0
_,0,0,0,0,1
_,0,0,0,0,0
_,0,0,0,0,0
_,0,0,0,0,0
_,0,0,0,0,0
_,0,0,0,0,0
_,0,0,0,12,0
_,0,0,0,0,0
_,0,0,0,0,0
_,0,0,0,0,0
_,0,0,0,0,0
_,0,0,0,0,0
_,0,0,0,0,0
_,0,0,0,0,0
_,0,0,0,0,0
_,0,0,0,0,0
_,0,0,0,0,0
_,0,0,0,0,0
_,0,0,1,0,0
_,0,0,0,0,0
_,0,0,0,0,0
_,0,0,0,0,0
_,0,0,0,0,0
_,0,0,0,0,0
_,0,0,0,1,0
_,0,0,0,0,0
_,0,0,0,0,0
_,0,0,0,0,0
_,0,0,0,0,0
_,0,0,0,0,0
158,_,_,_,_,_
_,0,1,0,0,0
_,0,0,0,0,0
_,0,0,0,0,0
_,0,0,0,0,0
_,0,0,0,0,0
_,0,0,0,0,0
_,0,0,1,0,0
_,0,0,0,0,0
_,0,0,0,0,0
_,0,0,0,0,0
_,0,0,0,0,0
_,0,0,0,0,0
_,0,0,0,1,0
_,0,0,0,0,0
_,0,0,0,0,0
_,0,0,0,0,0
_,0,0,0,0,0
_,0,0,0,0,0
_,0,0,0,0,1
_,0,0,0,0,0
_,0,0,0,0,0
_,0,0,0,0,0
_,0,0,0,0,0
_,0,0,0,0,0
_,0,0,0,1,0
_,0,0,0,0,0
_,0,0,0,0,0
_,0,0,0,0,0
_,0,0,0,0,0
_,0,0,0,0,0
_,0,0,0,0,0
_,0,0,0,0,0
_,0,0,0,0,0
_,0,0,0,0,0
_,0,0,0,0,0
_,0,0,0,0,0
_,0,0,1,0,0
_,0,0,0,0,0
_,0,0,0,0,0
_,0,0,0,0,0
_,0,0,0,0,0
_,0,0,0,0,0
_,0,0,0,0,0
_,0,0,0,0,0
_,0,0,0,0,0
_,0,0,0,0,0
_,0,0,0,0,0
_,0,0,0,0,0
158,_,_,_,_,_
_,0,0,18,0,0
_,0,0,0,0,0
_,0,0,0,0,0
_,0,0,0,0,0
_,0,0,0,0,0
_,0,0,0,0,0
_,0,0,0,0,0
_,0,0,0,0,0
_,0,0,0,0,0
_,0,0,0,0,0
_,0,0,0,0,0
_,0,0,0,0,0
_,0,0,0,0,0
_,0,0,0,0,0
_,0,0,0,0,0
_,0,0,0,0,0
_,0,0,0,0,0
_,0,0,0,0,0
_,0,1,0,0,0
_,0,0,0,0,0
_,0,0,0,0,0
_,0,0,1,0,0
_,0,0,0,0,0
_,0,0,0,0,0
_,0,0,0,1,0
_,0,0,0,0,0
_,0,0,0,0,0
_,0,0,0,0,0
_,0,0,0,0,0
_,0,0,0,0,0
_,0,0,1,0,0
_,0,0,0,0,0
_,0,0,0,0,0
_,0,0,0,0,0
_,0,0,0,0,0
_,0,0,0,0,0
_,0,0,0,0,1
_,0,0,0,0,0
_,0,0,0,0,0
_,0,0,0,0,0
_,0,0,0,0,0
_,0,0,0,0,0
_,0,0,0,1,0
_,0,0,0,0,0
_,0,0,0,0,0
_,0,0,0,0,0
_,0,0,0,0,0
_,0,0,0,0,0
158,_,_,_,_,_
_,6,0,18,0,0
_,0,0,0,0,0
_,0,0,0,0,0
_,0,0,0,0,0
_,0,0,0,0,0
_,0,0,0,0,0
_,0,0,0,0,0
_,0,0,0,0,0
_,0,0,0,0,0
_,0,0,0,0,0
_,0,0,0,0,0
_,0,0,0,0,0
_,0,0,0,0,0
_,0,0,0,0,0
_,0,0,0,0,0
_,0,0,0,0,0
_,0,0,0,0,0
_,0,0,0,0,0
_,0,0,0,1,0
_,0,0,0,0,0
_,0,0,0,0,0
_,0,0,0,0,0
_,0,0,0,0,0
_,0,0,0,0,0
_,0,0,0,0,18
_,0,0,0,0,0
_,0,0,0,0,0
_,0,0,0,0,0
_,0,0,0,0,0
_,0,0,0,0,0
_,0,0,0,0,0
_,0,0,0,0,0
_,0,0,0,0,0
_,0,0,0,0,0
_,0,0,0,0,0
_,0,0,0,0,0
_,0,0,0,0,0
_,0,0,0,0,0
_,0,0,0,0,0
_,0,0,0,0,0
_,0,0,0,0,0
_,0,0,0,0,0
_,0,0,0,0,0
_,0,0,0,0,0
_,0,0,0,0,0
_,0,0,0,0,0
_,0,0,0,0,0
_,0,0,0,0,0
158,_,_,_,_,_
_,6,0,0,0,1
_,0,0,0,0,0
_,0,0,0,0,0
_,0,0,0,0,0
_,0,0,0,0,0
_,0,0,0,0,0
_,0,0,1,0,0
_,0,0,0,0,0
_,0,0,0,0,0
_,0,0,0,0,0
_,0,0,0,0,0
_,0,0,0,0,0
_,0,0,0,1,0
_,0,0,0,0,0
_,0,0,0,0,0
_,0,0,0,0,0
_,0,0,0,0,0
_,0,0,0,0,0
_,0,0,0,0,1
_,0,0,0,0,0
_,0,0,0,0,0
_,0,0,0,0,0
_,0,0,0,0,0
_,0,0,0,0,0
_,0,0,0,12,0
_,0,0,0,0,0
_,0,0,0,0,0
_,0,0,0,0,0
_,0,0,0,0,0
_,0,0,0,0,0
_,0,0,0,0,0
_,0,0,0,0,0
_,0,0,0,0,0
_,0,0,0,0,0
_,0,0,0,0,0
_,0,0,0,0,0
_,0,1,0,0,0
_,0,0,0,0,0
_,0,0,0,0,0
_,0,0,0,0,0
_,0,0,0,0,0
_,0,0,0,0,0
_,0,0,1,0,0
_,0,0,0,0,0
_,0,0,0,0,0
_,0,0,0,0,0
_,0,0,0,0,0
_,0,0,0,0,0
158,_,_,_,_,_
_,6,0,0,1,0
_,0,0,0,0,0
_,0,0,0,0,0
_,0,0,0,0,0
_,0,0,0,0,0
_,0,0,0,0,0
_,0,0,0,0,1
_,0,0,0,0,0
_,0,0,0,0,0
_,0,0,0,0,0
_,0,0,0,0,0
_,0,0,0,0,0
_,2,0,1,0,0
_,0,0,0,0,0
_,0,0,0,0,0
_,0,0,0,1,0
_,0,0,0,0,0
_,0,0,0,0,0
_,0,0,0,0,1
_,0,0,0,0,0
_,0,0,0,0,0
_,0,0,0,0,0
_,0,0,0,0,0
_,0,0,0,0,0
_,2,0,0,1,0
_,0,0,0,0,0
_,0,0,0,0,0
_,0,0,0,0,0
_,0,0,0,0,0
_,0,0,0,0,0
_,0,0,0,0,0
_,0,0,0,0,0
_,0,0,0,0,0
_,0,0,1,0,0
_,0,0,0,0,0
_,0,0,0,0,0
_,2,0,0,0,0
_,0,0,0,0,0
_,0,0,0,0,0
_,0,0,0,0,0
_,0,0,0,0,0
_,0,0,0,0,0
_,0,1,0,0,0
_,0,0,0,0,0
_,0,0,0,0,0
_,0,0,0,0,0
_,0,0,0,0,0
_,0,0,0,0,0
158,_,_,_,_,_
_,6,0,0,18,0
_,0,0,0,0,0
_,0,0,0,0,0
_,0,0,0,0,0
_,0,0,0,0,0
_,0,0,0,0,0
_,0,0,0,0,0
_,0,0,0,0,0
_,0,0,0,0,0
_,0,0,0,0,0
_,0,0,0,0,0
_,0,0,0,0,0
_,0,0,0,0,0
_,0,0,0,0,0
_,0,0,0,0,0
_,0,0,0,0,0
_,0,0,0,0,0
_,0,0,0,0,0
_,0,0,1,0,0
_,0,0,0,0,0
_,0,0,0,0,0
_,0,0,0,1,0
_,0,0,0,0,0
_,0,0,0,0,0
_,0,18,0,0,0
_,0,0,0,0,0
_,0,0,0,0,0
_,0,0,0,0,0
_,0,0,0,0,0
_,0,0,0,0,0
_,0,0,0,0,0
_,0,0,0,0,0
_,0,0,0,0,0
_,0,0,0,0,0
_,0,0,0,0,0
_,0,0,0,0,0
_,0,0,0,0,0
_,0,0,0,0,0
_,0,0,0,0,0
_,0,0,0,0,0
_,0,0,0,0,0
_,0,0,0,0,0
_,0,0,0,0,0
_,0,0,0,0,0
_,0,0,0,0,0
_,0,0,0,0,0
_,0,0,0,0,0
_,0,0,0,0,0
158,_,_,_,_,_
_,8,24,0,0,0
_,0,0,0,0,0
_,0,0,0,0,0
_,0,0,0,0,0
_,0,0,0,0,0
_,0,0,0,0,0
_,0,0,0,0,0
_,0,0,0,0,0
_,0,0,0,0,0
_,0,0,0,0,0
_,0,0,0,0,0
_,0,0,0,0,0
_,0,0,0,0,0
_,0,0,0,0,0
_,0,0,0,0,0
_,0,0,0,0,0
_,0,0,0,0,0
_,0,0,0,0,0
_,0,0,0,0,0
_,0,0,0,0,0
_,0,0,0,0,0
_,0,0,0,0,0
_,0,0,0,0,0
_,0,0,0,0,0
_,0,0,0,0,18
_,0,0,0,0,0
_,0,0,0,0,0
_,0,0,0,0,0
_,0,0,0,0,0
_,0,0,0,0,0
_,0,0,0,0,0
_,0,0,0,0,0
_,0,0,0,0,0
_,0,0,0,0,0
_,0,0,0,0,0
_,0,0,0,0,0
_,0,0,0,0,0
_,0,0,0,0,0
_,0,0,0,0,0
_,0,0,0,0,0
_,0,0,0,0,0
_,0,0,0,0,0
_,0,0,0,0,0
_,0,0,0,0,0
_,0,0,0,0,0
_,0,0,0,0,0
_,0,0,0,0,0
_,0,0,0,0,0
158,_,_,_,_,_
_,8,0,0,0,1
_,0,0,0,0,0
_,0,0,0,0,0
_,0,0,0,0,0
_,0,0,0,0,0
_,0,0,0,0,0
_,0,0,1,0,0
_,0,0,0,0,0
_,0,0,0,0,0
_,0,0,0,0,0
_,0,0,0,0,0
_,0,0,0,0,0
_,0,0,0,1,0
_,0,0,0,0,0
_,0,0,0,0,0
_,0,0,0,0,0
_,0,0,0,0,0
_,0,0,0,0,0
_,0,0,0,0,1
_,0,0,0,0,0
_,0,0,0,0,0
_,0,0,0,0,0
_,0,0,0,0,0
_,0,0,0,0,0
_,0,0,0,12,0
_,0,0,0,0,0
_,0,0,0,0,0
_,0,0,0,0,0
_,0,0,0,0,0
_,0,0,0,0,0
_,0,0,0,0,0
_,0,0,0,0,0
_,0,0,0,0,0
_,0,0,0,0,0
_,0,0,0,0,0
_,0,0,0,0,0
_,0,0,1,0,0
_,0,0,0,0,0
_,0,0,0,0,0
_,0,0,0,0,0
_,0,0,0,0,0
_,0,0,0,0,0
_,0,0,0,1,0
_,0,0,0,0,0
_,0,0,0,0,0
_,0,0,0,0,0
_,0,0,0,0,0
_,0,0,0,0,0
158,_,_,_,_,_
_,8,1,0,0,0
_,0,0,0,0,0
_,0,0,0,0,0
_,0,0,0,0,0
_,0,0,0,0,0
_,0,0,0,0,0
_,0,0,1,0,0
_,0,0,0,0,0
_,0,0,0,0,0
_,0,0,0,0,0
_,0,0,0,0,0
_,0,0,0,0,0
_,0,0,0,1,0
_,0,0,0,0,0
_,0,0,0,0,0
_,0,0,0,0,0
_,0,0,0,0,0
_,0,0,0,0,0
_,0,0,0,0,1
_,0,0,0,0,0
_,0,0,0,0,0
_,0,0,0,0,0
_,0,0,0,0,0
_,0,0,0,0,0
_,0,0,0,1,0
_,0,0,0,0,0
_,0,0,0,0,0
_,0,0,0,0,0
_,0,0,0,0,0
_,0,0,0,0,0
_,0,0,0,0,0
_,0,0,0,0,0
_,0,0,0,0,0
_,0,0,0,0,0
_,0,0,0,0,0
_,0,0,0,0,0
_,0,0,1,0,0
_,0,0,0,0,0
_,0,0,0,0,0
_,0,0,0,0,0
_,0,0,0,0,0
_,0,0,0,0,0
_,0,0,0,0,0
_,0,0,0,0,0
_,0,0,0,0,0
_,0,0,0,0,0
_,0,0,0,0,0
_,0,0,0,0,0
158,_,_,_,_,_
_,8,0,48,0,0
_,0,0,0,0,0
_,0,0,0,0,0
_,0,0,0,0,0
_,0,0,0,0,0
_,0,0,0,0,0
_,0,0,0,0,0
_,0,0,0,0,0
_,0,0,0,0,0
_,0,0,0,0,0
_,0,0,0,0,0
_,0,0,0,0,0
_,0,0,0,0,0
_,0,0,0,0,0
_,0,0,0,0,0
_,0,0,0,0,0
_,0,0,0,0,0
_,0,0,0,0,0
_,0,0,0,0,0
_,0,0,0,0,0
_,0,0,0,0,0
_,0,0,0,0,0
_,0,0,0,0,0
_,0,0,0,0,0
_,0,0,0,1,0
_,0,0,0,0,0
_,0,0,0,0,0
_,0,0,0,0,1
_,0,0,0,0,0
_,0,0,0,0,0
_,0,0,0,1,0
_,0,0,0,0,0
_,0,0,0,0,0
_,0,0,0,0,1
_,0,0,0,0,0
_,0,0,0,0,0
_,0,0,0,1,0
_,0,0,0,0,0
_,0,0,0,0,0
_,0,0,0,0,1
_,0,0,0,0,0
_,0,0,0,0,0
_,0,0,0,1,0
_,0,0,0,0,0
_,0,0,0,0,0
_,0,0,0,0,1
_,0,0,0,0,0
_,0,0,0,0,0
158,_,_,_,_,_
_,2,48,0,0,0
_,0,0,0,0,0
_,0,0,0,0,0
_,0,0,0,0,0
_,0,0,0,0,0
_,0,0,0,0,0
_,0,0,0,0,0
_,0,0,0,0,0
_,0,0,0,0,0
_,0,0,0,0,0
_,0,0,0,0,0
_,0,0,0,0,0
_,0,0,0,0,0
_,0,0,0,0,0
_,0,0,0,0,0
_,0,0,0,0,0
_,0,0,0,0,0
_,0,0,0,0,0
_,0,0,0,0,0
_,0,0,0,0,0
_,0,0,0,0,0
_,0,0,0,0,0
_,0,0,0,0,0
_,0,0,0,0,0
_,0,0,0,0,0
_,0,0,0,0,0
_,0,0,0,0,0
_,0,0,0,0,0
_,0,0,0,0,0
_,0,0,0,0,0
_,0,0,0,0,0
_,0,0,0,0,0
_,0,0,0,0,0
_,0,0,0,0,0
_,0,0,0,0,0
_,0,0,0,0,0
_,0,0,0,0,0
_,0,0,0,0,0
_,0,0,0,0,0
_,0,0,0,0,0
_,0,0,0,0,0
_,0,0,0,0,0
_,0,0,0,0,0
_,0,0,0,0,0
_,0,0,0,0,0
_,0,0,0,0,0
_,0,0,0,0,0
_,0,0,0,0,0
158,_,_,_,_,_
_,2,0,36,0,0
_,0,0,0,0,0
_,0,0,0,0,0
_,0,0,0,0,0
_,0,0,0,0,0
_,0,0,0,0,0
_,0,0,0,0,0
_,0,0,0,0,0
_,0,0,0,0,0
_,0,0,0,0,0
_,0,0,0,0,0
_,0,0,0,0,0
_,0,0,0,0,0
_,0,0,0,0,0
_,0,0,0,0,0
_,0,0,0,0,0
_,0,0,0,0,0
_,0,0,0,0,0
_,0,0,0,0,0
_,0,0,0,0,0
_,0,0,0,0,0
_,0,0,0,0,0
_,0,0,0,0,0
_,0,0,0,0,0
_,0,0,0,0,0
_,0,0,0,0,0
_,0,0,0,0,0
_,0,0,0,0,0
_,0,0,0,0,0
_,0,0,0,0,0
_,0,0,0,0,0
_,0,0,0,0,0
_,0,0,0,0,0
_,0,0,0,0,0
_,0,0,0,0,0
_,0,0,0,0,0
_,2,0,0,1,0
_,0,0,0,0,0
_,0,0,0,0,0
_,0,0,0,0,0
_,0,0,0,0,0
_,0,0,0,0,0
_,0,0,0,0,0
_,0,0,0,0,0
_,0,0,0,0,0
_,0,0,0,0,0
_,0,0,0,0,0
_,0,0,0,0,0
158,_,_,_,_,_
_,2,0,0,0,1
_,0,0,0,0,0
_,0,0,0,0,0
_,0,0,0,0,0
_,0,0,0,0,0
_,0,0,0,0,0
_,0,0,0,0,0
_,0,0,0,0,0
_,0,1,0,0,0
_,0,0,0,0,0
_,0,0,0,0,0
_,0,0,0,0,0
_,0,0,0,0,0
_,0,0,0,0,0
_,0,0,0,0,0
_,0,0,0,0,0
_,0,0,0,0,1
_,0,0,0,0,0
_,0,0,0,0,0
_,0,0,0,0,0
_,0,0,0,0,0
_,0,0,0,0,0
_,0,0,0,0,0
_,0,0,0,0,0
_,2,0,0,1,0
_,0,0,0,0,0
_,0,0,0,0,0
_,0,0,0,0,0
_,0,0,0,0,0
_,0,0,0,0,0
_,0,0,0,0,0
_,0,0,0,0,0
_,0,0,1,0,0
_,0,0,0,0,0
_,0,0,0,0,0
_,0,0,0,0,0
_,0,0,0,0,0
_,0,0,0,0,0
_,0,0,0,0,0
_,0,0,0,0,0
_,0,1,0,0,0
_,0,0,0,0,0
_,0,0,0,0,0
_,0,0,0,0,0
_,0,0,0,0,0
_,0,0,0,0,0
_,0,0,0,0,0
_,0,0,0,0,0
158,_,_,_,_,_
_,2,0,0,0,1
_,0,0,0,0,0
_,0,0,0,0,0
_,0,0,0,0,0
_,0,0,0,0,0
_,0,0,0,0,0
_,0,0,0,0,0
_,0,0,0,0,0
_,0,0,1,0,0
_,0,0,0,0,0
_,0,0,0,0,0
_,0,0,0,0,0
_,0,0,0,0,0
_,0,0,0,0,0
_,0,0,0,0,0
_,0,0,0,0,0
_,0,0,0,1,0
_,0,0,0,0,0
_,0,0,0,0,0
_,0,0,0,0,0
_,0,0,0,0,0
_,0,0,0,0,0
_,0,0,0,0,0
_,0,0,0,0,0
_,2,24,0,0,0
_,0,0,0,0,0
_,0,0,0,0,0
_,0,0,0,0,0
_,0,0,0,0,0
_,0,0,0,0,0
_,0,0,0,0,0
_,0,0,0,0,0
_,0,0,0,0,0
_,0,0,0,0,0
_,0,0,0,0,0
_,0,0,0,0,0
_,0,0,0,0,0
_,0,0,0,0,0
_,0,0,0,0,0
_,0,0,0,0,0
_,0,0,0,0,0
_,0,0,0,0,0
_,0,0,0,0,0
_,0,0,0,0,0
_,0,0,0,0,0
_,0,0,0,0,0
_,0,0,0,0,0
_,0,0,0,0,0
158,_,_,_,_,_
_,2,0,1,0,0
_,0,0,0,0,0
_,0,0,0,0,0
_,0,0,0,0,0
_,0,0,0,0,0
_,0,0,0,0,0
_,0,0,0,0,0
_,0,0,0,0,0
_,2,0,0,1,0
_,0,0,0,0,0
_,0,0,0,0,0
_,0,0,0,0,0
_,0,0,0,0,0
_,0,0,0,0,0
_,0,0,0,0,0
_,0,0,0,0,0
_,2,0,0,0,1
_,0,0,0,0,0
_,0,0,0,0,0
_,0,0,0,0,0
_,0,0,0,0,0
_,0,0,0,0,0
_,0,0,0,0,0
_,0,0,0,0,0
_,2,1,0,0,0
_,0,0,0,0,0
_,0,0,0,0,0
_,0,0,0,0,0
_,0,0,0,0,0
_,0,0,0,0,0
_,0,0,0,0,0
_,0,0,0,0,0
_,2,0,1,0,0
_,0,0,0,0,0
_,0,0,0,0,0
_,0,0,0,0,0
_,0,0,0,0,0
_,0,0,0,0,0
_,0,0,0,0,0
_,0,0,0,0,0
_,2,0,0,1,0
_,0,0,0,0,0
_,0,0,0,0,0
_,0,0,0,0,0
_,0,0,0,0,0
_,0,0,0,0,0
_,0,0,0,0,0
_,0,0,0,0,0
158,_,_,_,_,_
_,6,1,0,0,0
_,0,0,0,0,0
_,0,0,0,0,0
_,0,0,0,0,0
_,0,0,0,0,0
_,0,0,0,0,0
_,0,0,0,0,0
_,0,0,0,0,0
_,6,0,1,0,0
_,0,0,0,0,0
_,0,0,0,0,0
_,0,0,0,0,0
_,0,0,0,0,0
_,0,0,0,0,0
_,0,0,0,0,0
_,0,0,0,0,0
_,6,0,0,0,1
_,0,0,0,0,0
_,0,0,0,0,0
_,0,0,0,0,0
_,0,0,0,0,0
_,0,0,0,0,0
_,0,0,0,0,0
_,0,0,0,0,0
_,6,1,0,0,0
_,0,0,0,0,0
_,0,0,0,0,0
_,0,0,0,0,0
_,0,0,0,0,0
_,0,0,0,0,0
_,0,0,0,0,0
_,0,0,0,0,0
_,6,0,0,1,0
_,0,0,0,0,0
_,0,0,0,0,0
_,0,0,0,0,0
_,0,0,0,0,0
_,0,0,0,0,0
_,0,0,0,0,0
_,0,0,0,0,0
_,6,0,0,0,1
_,0,0,0,0,0
_,0,0,0,0,0
_,0,0,0,0,0
_,0,0,0,0,0
_,0,0,0,0,0
_,0,0,0,0,0
_,0,0,0,0,0
158,_,_,_,_,_
_,4,1,0,0,0
_,0,0,0,0,0
_,0,0,0,0,0
_,0,0,0,0,0
_,0,0,0,0,0
_,0,0,0,0,0
_,0,0,0,0,0
_,0,0,0,0,0
_,4,0,1,0,0
_,0,0,0,0,0
_,0,0,0,0,0
_,0,0,0,0,0
_,0,0,0,0,0
_,0,0,0,0,0
_,0,0,0,0,0
_,0,0,0,0,0
_,4,0,0,1,0
_,0,0,0,0,0
_,0,0,0,0,0
_,0,0,0,0,0
_,0,0,0,0,0
_,0,0,0,0,0
_,0,0,0,0,0
_,0,0,0,0,0
_,4,1,0,0,0
_,0,0,0,0,0
_,0,0,0,0,0
_,0,0,0,0,0
_,0,0,0,0,0
_,0,0,0,0,0
_,0,0,0,0,0
_,0,0,0,0,0
_,4,0,1,0,0
_,0,0,0,0,0
_,0,0,0,0,0
_,0,0,0,0,0
_,0,0,0,0,0
_,0,0,0,0,0
_,0,0,0,0,0
_,0,0,0,0,0
_,4,0,0,1,0
_,0,0,0,0,0
_,0,0,0,0,0
_,0,0,0,0,0
_,0,0,0,0,0
_,0,0,0,0,0
_,0,0,0,0,0
_,0,0,0,0,0
158,_,_,_,_,_
_,8,0,0,0,1
_,0,0,0,0,0
_,0,0,0,0,0
_,0,0,0,0,0
_,0,0,0,0,0
_,0,0,0,0,0
_,0,0,0,0,0
_,0,0,0,0,0
_,8,0,0,1,0
_,0,0,0,0,0
_,0,0,0,0,0
_,0,0,0,0,0
_,0,0,0,0,0
_,0,0,0,0,0
_,0,0,0,0,0
_,0,0,0,0,0
_,8,1,0,0,0
_,0,0,0,0,0
_,0,0,0,0,0
_,0,0,0,0,0
_,0,0,0,0,0
_,0,0,0,0,0
_,0,0,0,0,0
_,0,0,0,0,0
_,8,0,0,0,1
_,0,0,0,0,0
_,0,0,0,0,0
_,0,0,0,0,0
_,0,0,0,0,0
_,0,0,0,0,0
_,0,0,0,0,0
_,0,0,0,0,0
_,0,0,0,0,0
_,0,0,0,0,0
_,0,0,0,0,0
_,0,0,0,0,0
_,0,0,0,0,0
_,0,0,0,0,0
_,0,0,0,0,0
_,0,0,0,0,0
_,0,0,0,0,0
_,0,0,0,0,0
_,0,0,0,0,0
_,0,0,0,0,0
_,0,0,0,0,0
_,0,0,0,0,0
_,0,0,0,0,0
_,0,0,0,0,0
158,_,_,_,_,_
_,0,1,0,0,0
_,0,0,0,0,0
_,0,0,0,0,0
_,0,0,0,0,0
_,0,0,0,0,0
_,0,0,0,0,0
_,0,0,1,0,0
_,0,0,0,0,0
_,0,0,0,0,0
_,0,0,0,1,0
_,0,0,0,0,0
_,0,0,0,0,0
_,0,0,0,0,1
_,0,0,0,0,0
_,0,0,0,0,0
_,0,0,0,1,0
_,0,0,0,0,0
_,0,0,0,0,0
_,0,0,1,0,0
_,0,0,0,0,0
_,0,0,0,0,0
_,0,0,0,0,0
_,0,0,0,0,0
_,0,0,0,0,0
_,0,1,0,0,0
_,0,0,0,0,0
_,0,0,0,0,0
_,0,0,0,0,0
_,0,0,0,0,0
_,0,0,0,0,0
_,0,0,1,0,0
_,0,0,0,0,0
_,0,0,0,0,0
_,0,0,0,1,0
_,0,0,0,0,0
_,0,0,0,0,0
_,0,0,0,0,1
_,0,0,0,0,0
_,0,0,0,0,0
_,0,0,0,1,0
_,0,0,0,0,0
_,0,0,0,0,0
_,0,0,1,0,0
_,0,0,0,0,0
_,0,0,0,0,0
_,0,0,0,0,0
_,0,0,0,0,0
_,0,0,0,0,0
158,_,_,_,_,_
_,0,1,0,0,0
_,0,0,0,0,0
_,0,0,0,0,0
_,0,0,0,0,0
_,0,0,0,0,0
_,0,0,0,0,0
_,0,0,1,0,0
_,0,0,0,0,0
_,0,0,0,0,0
_,0,0,0,1,0
_,0,0,0,0,0
_,0,0,0,0,0
_,0,0,0,0,1
_,0,0,0,0,0
_,0,0,0,0,0
_,0,0,0,1,0
_,0,0,0,0,0
_,0,0,0,0,0
_,0,0,1,0,0
_,0,0,0,0,0
_,0,0,0,0,0
_,0,0,0,0,0
_,0,0,0,0,0
_,0,0,0,0,0
_,0,1,0,0,0
_,0,0,0,0,0
_,0,0,0,0,0
_,0,0,0,0,0
_,0,0,0,0,0
_,0,0,0,0,0
_,2,0,1,0,0
_,0,0,0,0,0
_,0,0,0,0,0
_,0,0,0,1,0
_,0,0,0,0,0
_,0,0,0,0,0
_,0,0,0,0,1
_,0,0,0,0,0
_,0,0,0,0,0
_,0,0,0,1,0
_,0,0,0,0,0
_,0,0,0,0,0
_,0,0,1,0,0
_,0,0,0,0,0
_,0,0,0,0,0
_,0,0,0,0,0
_,0,0,0,0,0
_,0,0,0,0,0
158,_,_,_,_,_
_,2,1,0,0,1
_,0,0,0,0,0
_,0,0,0,0,0
_,0,0,0,0,0
_,0,0,0,0,0
_,0,0,0,0,0
_,0,0,0,1,0
_,0,0,0,0,0
_,0,0,0,0,0
_,0,0,1,0,0
_,0,0,0,0,0
_,0,0,0,0,0
_,0,1,0,0,0
_,0,0,0,0,0
_,0,0,0,0,0
_,0,0,1,0,0
_,0,0,0,0,0
_,0,0,0,0,0
_,0,0,0,1,0
_,0,0,0,0,0
_,0,0,0,0,0
_,0,0,0,0,0
_,0,0,0,0,0
_,0,0,0,0,0
_,0,0,0,0,1
_,0,0,0,0,0
_,0,0,0,0,0
_,0,0,0,0,0
_,0,0,0,0,0
_,0,0,0,0,0
_,0,0,0,1,0
_,0,0,0,0,0
_,0,0,0,0,0
_,0,0,1,0,0
_,0,0,0,0,0
_,0,0,0,0,0
_,0,1,0,0,0
_,0,0,0,0,0
_,0,0,0,0,0
_,0,0,1,0,0
_,0,0,0,0,0
_,0,0,0,0,0
_,0,0,0,1,0
_,0,0,0,0,0
_,0,0,0,0,0
_,0,0,0,0,0
_,0,0,0,0,0
_,0,0,0,0,0
158,_,_,_,_,_
_,0,0,0,0,1
_,0,0,0,0,0
_,0,0,0,0,0
_,0,0,0,0,0
_,0,0,0,0,0
_,0,0,0,0,0
_,0,0,0,1,0
_,0,0,0,0,0
_,0,0,0,0,0
_,0,0,1,0,0
_,0,0,0,0,0
_,0,0,0,0,0
_,0,1,0,0,0
_,0,0,0,0,0
_,0,0,0,0,0
_,0,0,1,0,0
_,0,0,0,0,0
_,0,0,0,0,0
_,0,0,0,1,0
_,0,0,0,0,0
_,0,0,0,0,0
_,0,0,0,0,0
_,0,0,0,0,0
_,0,0,0,0,0
_,0,0,0,0,1
_,0,0,0,0,0
_,0,0,0,0,0
_,0,0,0,0,0
_,0,0,0,0,0
_,0,0,0,0,0
_,2,0,0,1,0
_,0,0,0,0,0
_,0,0,0,0,0
_,0,0,1,0,0
_,0,0,0,0,0
_,0,0,0,0,0
_,0,1,0,0,0
_,0,0,0,0,0
_,0,0,0,0,0
_,0,0,1,0,0
_,0,0,0,0,0
_,0,0,0,0,0
_,0,0,0,1,0
_,0,0,0,0,0
_,0,0,0,0,0
_,0,0,0,0,0
_,0,0,0,0,0
_,0,0,0,0,0
158,_,_,_,_,_
_,6,1,0,0,0
_,0,0,0,0,0
_,0,0,0,0,0
_,0,0,0,0,0
_,0,0,0,0,0
_,0,0,0,0,0
_,0,0,1,0,0
_,0,0,0,0,0
_,0,0,0,0,0
_,0,0,0,0,0
_,0,0,0,0,0
_,0,0,0,0,0
_,6,0,0,0,1
_,0,0,0,0,0
_,0,0,0,0,0
_,0,0,0,0,0
_,0,0,0,0,0
_,0,0,0,0,0
_,0,0,0,1,0
_,0,0,0,0,0
_,0,0,0,0,0
_,0,0,0,0,0
_,0,0,0,0,0
_,0,0,0,0,0
_,6,1,0,0,0
_,0,0,0,0,0
_,0,0,0,0,0
_,0,0,0,0,0
_,0,0,0,0,0
_,0,0,0,0,0
_,0,0,1,0,0
_,0,0,0,0,0
_,0,0,0,0,0
_,0,0,0,0,0
_,0,0,0,0,0
_,0,0,0,0,0
_,6,0,0,0,1
_,0,0,0,0,0
_,0,0,0,0,0
_,0,0,0,0,0
_,0,0,0,0,0
_,0,0,0,0,0
_,0,0,0,1,0
_,0,0,0,0,0
_,0,0,0,0,0
_,0,0,0,0,0
_,0,0,0,0,0
_,0,0,0,0,0
158,_,_,_,_,_
_,6,1,0,0,0
_,0,0,0,0,0
_,0,0,0,0,0
_,0,0,0,0,0
_,0,0,0,0,0
_,0,0,0,0,0
_,0,0,1,0,0
_,0,0,0,0,0
_,0,0,0,0,0
_,0,0,0,0,0
_,0,0,0,0,0
_,0,0,0,0,0
_,6,0,0,0,1
_,0,0,0,0,0
_,0,0,0,0,0
_,0,0,0,0,0
_,0,0,0,0,0
_,0,0,0,0,0
_,0,0,0,1,0
_,0,0,0,0,0
_,0,0,0,0,0
_,0,0,0,0,0
_,0,0,0,0,0
_,0,0,0,0,0
_,6,1,0,0,0
_,0,0,0,0,0
_,0,0,0,0,0
_,0,0,0,0,0
_,0,0,0,0,0
_,0,0,0,0,0
_,6,0,1,0,0
_,0,0,0,0,0
_,0,0,0,0,0
_,0,0,0,0,0
_,0,0,0,0,0
_,0,0,0,0,0
_,0,0,0,0,1
_,0,0,0,0,0
_,0,0,0,0,0
_,0,0,0,0,0
_,0,0,0,0,0
_,0,0,0,0,0
_,0,0,0,1,0
_,0,0,0,0,0
_,0,0,0,0,0
_,0,0,0,0,0
_,0,0,0,0,0
_,0,0,0,0,0
158,_,_,_,_,_
_,6,0,0,0,1
_,0,0,0,0,0
_,0,0,0,0,0
_,0,0,0,0,0
_,0,0,0,0,0
_,0,0,0,0,0
_,0,0,0,1,0
_,0,0,0,0,0
_,0,0,0,0,0
_,0,0,0,0,0
_,0,0,0,0,0
_,0,0,0,0,0
_,6,1,0,0,0
_,0,0,0,0,0
_,0,0,0,0,0
_,0,0,0,0,0
_,0,0,0,0,0
_,0,0,0,0,0
_,0,0,1,0,0
_,0,0,0,0,0
_,0,0,0,0,0
_,0,0,0,0,0
_,0,0,0,0,0
_,0,0,0,0,0
_,6,0,0,0,1
_,0,0,0,0,0
_,0,0,0,0,0
_,0,0,0,0,0
_,0,0,0,0,0
_,0,0,0,0,0
_,0,0,0,1,0
_,0,0,0,0,0
_,0,0,0,0,0
_,0,0,0,0,0
_,0,0,0,0,0
_,0,0,0,0,0
_,6,1,0,0,0
_,0,0,0,0,0
_,0,0,0,0,0
_,0,0,0,0,0
_,0,0,0,0,0
_,0,0,0,0,0
_,0,0,1,0,0
_,0,0,0,0,0
_,0,0,0,0,0
_,0,0,0,0,0
_,0,0,0,0,0
_,0,0,0,0,0
158,_,_,_,_,_
_,6,0,0,0,1
_,0,0,0,0,0
_,0,0,0,0,0
_,0,0,0,0,0
_,0,0,0,0,0
_,0,0,0,0,0
_,0,0,0,1,0
_,0,0,0,0,0
_,0,0,0,0,0
_,0,0,0,0,0
_,0,0,0,0,0
_,0,0,0,0,0
_,6,1,0,0,0
_,0,0,0,0,0
_,0,0,0,0,0
_,0,0,0,0,0
_,0,0,0,0,0
_,0,0,0,0,0
_,0,0,1,0,0
_,0,0,0,0,0
_,0,0,0,0,0
_,0,0,0,0,0
_,0,0,0,0,0
_,0,0,0,0,0
_,6,0,0,0,1
_,0,0,0,0,0
_,0,0,0,0,0
_,0,0,0,0,0
_,0,0,0,0,0
_,0,0,0,0,0
_,6,0,0,1,0
_,0,0,0,0,0
_,0,0,0,0,0
_,0,0,0,0,0
_,0,0,0,0,0
_,0,0,0,0,0
_,0,1,0,0,0
_,0,0,0,0,0
_,0,0,0,0,0
_,0,0,0,0,0
_,0,0,0,0,0
_,0,0,0,0,0
_,0,0,1,0,0
_,0,0,0,0,0
_,0,0,0,0,0
_,0,0,0,0,0
_,0,0,0,0,0
_,0,0,0,0,0
158,_,_,_,_,_
_,0,1,0,0,0
_,0,0,0,0,0
_,0,0,0,0,0
_,0,0,0,0,0
_,0,0,0,0,0
_,0,0,0,0,0
_,0,0,1,0,0
_,0,0,0,0,0
_,0,0,0,0,0
_,0,0,0,1,0
_,0,0,0,0,0
_,0,0,0,0,0
_,0,0,0,0,1
_,0,0,0,0,0
_,0,0,0,0,0
_,0,0,0,1,0
_,0,0,0,0,0
_,0,0,0,0,0
_,0,0,1,0,0
_,0,0,0,0,0
_,0,0,0,0,0
_,0,0,0,0,0
_,0,0,0,0,0
_,0,0,0,0,0
_,0,1,0,0,0
_,0,0,0,0,0
_,0,0,0,0,0
_,0,0,0,0,0
_,0,0,0,0,0
_,0,0,0,0,0
_,0,0,1,0,0
_,0,0,0,0,0
_,0,0,0,0,0
_,0,0,0,1,0
_,0,0,0,0,0
_,0,0,0,0,0
_,0,0,0,0,1
_,0,0,0,0,0
_,0,0,0,0,0
_,0,0,0,1,0
_,0,0,0,0,0
_,0,0,0,0,0
_,0,0,1,0,0
_,0,0,0,0,0
_,0,0,0,0,0
_,0,0,0,0,0
_,0,0,0,0,0
_,0,0,0,0,0
158,_,_,_,_,_
_,0,1,0,0,0
_,0,0,0,0,0
_,0,0,0,0,0
_,0,0,0,0,0
_,0,0,0,0,0
_,0,0,0,0,0
_,0,0,1,0,0
_,0,0,0,0,0
_,0,0,0,0,0
_,0,0,0,1,0
_,0,0,0,0,0
_,0,0,0,0,0
_,0,0,0,0,1
_,0,0,0,0,0
_,0,0,0,0,0
_,0,0,0,1,0
_,0,0,0,0,0
_,0,0,0,0,0
_,0,0,1,0,0
_,0,0,0,0,0
_,0,0,0,0,0
_,0,0,0,0,0
_,0,0,0,0,0
_,0,0,0,0,0
_,0,1,0,0,0
_,0,0,0,0,0
_,0,0,0,0,0
_,0,0,0,0,0
_,0,0,0,0,0
_,0,0,0,0,0
_,2,0,1,0,0
_,0,0,0,0,0
_,0,0,0,0,0
_,0,0,0,1,0
_,0,0,0,0,0
_,0,0,0,0,0
_,0,0,0,0,1
_,0,0,0,0,0
_,0,0,0,0,0
_,0,0,0,1,0
_,0,0,0,0,0
_,0,0,0,0,0
_,0,0,1,0,0
_,0,0,0,0,0
_,0,0,0,0,0
_,0,0,0,0,0
_,0,0,0,0,0
_,0,0,0,0,0
158,_,_,_,_,_
_,2,0,0,0,1
_,0,0,0,0,0
_,0,0,0,0,0
_,0,0,0,0,0
_,0,0,0,0,0
_,0,0,0,0,0
_,0,0,0,1,0
_,0,0,0,0,0
_,0,0,0,0,0
_,0,0,1,0,0
_,0,0,0,0,0
_,0,0,0,0,0
_,0,1,0,0,0
_,0,0,0,0,0
_,0,0,0,0,0
_,0,0,1,0,0
_,0,0,0,0,0
_,0,0,0,0,0
_,0,0,0,1,0
_,0,0,0,0,0
_,0,0,0,0,0
_,0,0,0,0,0
_,0,0,0,0,0
_,0,0,0,0,0
_,0,0,0,0,1
_,0,0,0,0,0
_,0,0,0,0,0
_,0,0,0,0,0
_,0,0,0,0,0
_,0,0,0,0,0
_,0,0,0,1,0
_,0,0,0,0,0
_,0,0,0,0,0
_,0,0,1,0,0
_,0,0,0,0,0
_,0,0,0,0,0
_,0,1,0,0,0
_,0,0,0,0,0
_,0,0,0,0,0
_,0,0,1,0,0
_,0,0,0,0,0
_,0,0,0,0,0
_,0,0,0,1,0
_,0,0,0,0,0
_,0,0,0,0,0
_,0,0,0,0,0
_,0,0,0,0,0
_,0,0,0,0,0
158,_,_,_,_,_
_,0,0,0,0,1
_,0,0,0,0,0
_,0,0,0,0,0
_,0,0,0,0,0
_,0,0,0,0,0
_,0,0,0,0,0
_,0,0,0,1,0
_,0,0,0,0,0
_,0,0,0,0,0
_,0,0,1,0,0
_,0,0,0,0,0
_,0,0,0,0,0
_,0,1,0,0,0
_,0,0,0,0,0
_,0,0,0,0,0
_,0,0,1,0,0
_,0,0,0,0,0
_,0,0,0,0,0
_,0,0,0,1,0
_,0,0,0,0,0
_,0,0,0,0,0
_,0,0,0,0,0
_,0,0,0,0,0
_,0,0,0,0,0
_,0,0,0,0,1
_,0,0,0,0,0
_,0,0,0,0,0
_,0,0,0,0,0
_,0,0,0,0,0
_,0,0,0,0,0
_,2,0,0,1,0
_,0,0,0,0,0
_,0,0,0,0,0
_,0,0,1,0,0
_,0,0,0,0,0
_,0,0,0,0,0
_,0,1,0,0,0
_,0,0,0,0,0
_,0,0,0,0,0
_,0,0,1,0,0
_,0,0,0,0,0
_,0,0,0,0,0
_,0,0,0,1,0
_,0,0,0,0,0
_,0,0,0,0,0
_,0,0,0,0,0
_,0,0,0,0,0
_,0,0,0,0,0
158,_,_,_,_,_
_,6,1,0,0,0
_,0,0,0,0,0
_,0,0,0,0,0
_,0,0,0,0,0
_,0,0,0,0,0
_,0,0,0,0,0
_,0,0,1,0,0
_,0,0,0,0,0
_,0,0,0,0,0
_,0,0,0,0,0
_,0,0,0,0,0
_,0,0,0,0,0
_,6,0,0,0,1
_,0,0,0,0,0
_,0,0,0,0,0
_,0,0,0,0,0
_,0,0,0,0,0
_,0,0,0,0,0
_,0,0,0,1,0
_,0,0,0,0,0
_,0,0,0,0,0
_,0,0,0,0,0
_,0,0,0,0,0
_,0,0,0,0,0
_,6,1,0,0,0
_,0,0,0,0,0
_,0,0,0,0,0
_,0,0,0,0,0
_,0,0,0,0,0
_,0,0,0,0,0
_,0,0,1,0,0
_,0,0,0,0,0
_,0,0,0,0,0
_,0,0,0,0,0
_,0,0,0,0,0
_,0,0,0,0,0
_,6,0,0,0,1
_,0,0,0,0,0
_,0,0,0,0,0
_,0,0,0,0,0
_,0,0,0,0,0
_,0,0,0,0,0
_,0,0,0,1,0
_,0,0,0,0,0
_,0,0,0,0,0
_,0,0,0,0,0
_,0,0,0,0,0
_,0,0,0,0,0
158,_,_,_,_,_
_,6,1,0,0,0
_,0,0,0,0,0
_,0,0,0,0,0
_,0,0,0,0,0
_,0,0,0,0,0
_,0,0,0,0,0
_,0,0,1,0,0
_,0,0,0,0,0
_,0,0,0,0,0
_,0,0,0,0,0
_,0,0,0,0,0
_,0,0,0,0,0
_,6,0,0,0,1
_,0,0,0,0,0
_,0,0,0,0,0
_,0,0,0,0,0
_,0,0,0,0,0
_,0,0,0,0,0
_,0,0,0,1,0
_,0,0,0,0,0
_,0,0,0,0,0
_,0,0,0,0,0
_,0,0,0,0,0
_,0,0,0,0,0
_,6,1,0,0,0
_,0,0,0,0,0
_,0,0,0,0,0
_,0,0,0,0,0
_,0,0,0,0,0
_,0,0,0,0,0
_,6,0,1,0,0
_,0,0,0,0,0
_,0,0,0,0,0
_,0,0,0,0,0
_,0,0,0,0,0
_,0,0,0,0,0
_,0,0,0,0,1
_,0,0,0,0,0
_,0,0,0,0,0
_,0,0,0,0,0
_,0,0,0,0,0
_,0,0,0,0,0
_,0,0,0,1,0
_,0,0,0,0,0
_,0,0,0,0,0
_,0,0,0,0,0
_,0,0,0,0,0
_,0,0,0,0,0
158,_,_,_,_,_
_,6,1,0,0,0
_,0,0,0,0,0
_,0,0,0,0,0
_,0,0,0,0,0
_,0,0,0,0,0
_,0,0,0,0,0
_,0,0,0,1,0
_,0,0,0,0,0
_,0,0,0,0,0
_,0,0,0,0,0
_,0,0,0,0,0
_,0,0,0,0,0
_,6,1,0,0,0
_,0,0,0,0,0
_,0,0,0,0,0
_,0,0,0,0,0
_,0,0,0,0,0
_,0,0,0,0,0
_,0,0,1,0,0
_,0,0,0,0,0
_,0,0,0,0,0
_,0,0,0,0,0
_,0,0,0,0,0
_,0,0,0,0,0
_,0,0,1,0,0
_,0,0,0,0,0
_,0,0,0,0,0
_,0,0,0,1,0
_,0,0,0,0,0
_,0,0,0,0,0
_,0,0,1,0,0
_,0,0,0,0,0
_,0,0,0,0,0
_,0,0,0,1,0
_,0,0,0,0,0
_,0,0,0,0,0
_,0,0,1,0,0
_,0,0,0,0,0
_,0,0,0,0,0
_,0,0,0,1,0
_,0,0,0,0,0
_,0,0,0,0,0
_,0,0,1,0,0
_,0,0,0,0,0
_,0,0,0,0,0
_,0,0,0,1,0
_,0,0,0,0,0
_,0,0,0,0,0
158,_,_,_,_,_
_,0,1,0,0,1
_,0,0,0,0,0
_,0,0,0,0,0
_,0,0,0,0,0
_,0,0,0,0,0
_,0,0,0,0,0
_,0,0,0,0,0
_,0,0,0,0,0
_,0,0,0,0,0
_,0,1,0,0,1
_,0,0,0,0,0
_,0,0,0,0,0
_,0,0,0,0,0
_,0,0,0,0,0
_,0,0,0,0,0
_,0,0,0,0,0
_,0,0,0,0,0
_,0,0,0,0,0
_,0,0,1,1,0
_,0,0,0,0,0
_,0,0,0,0,0
_,0,0,0,0,0
_,0,0,0,0,0
_,0,0,0,0,0
_,0,0,0,0,0
_,0,0,0,0,0
_,0,0,0,0,0
_,0,0,0,0,0
_,0,0,0,0,0
_,0,0,0,0,0
_,8,1,0,0,1
_,0,0,0,0,0
_,0,0,0,0,0
_,0,0,0,0,0
_,0,0,0,0,0
_,0,0,0,0,0
_,0,0,0,0,0
_,0,0,0,0,0
_,0,0,0,0,0
_,0,0,0,0,0
_,0,0,0,0,0
_,0,0,0,0,0
_,0,0,0,0,0
_,0,0,0,0,0
_,0,0,0,0,0
_,0,0,0,0,0
_,0,0,0,0,0
_,0,0,0,0,0
158,_,_,_,_,_
_,8,1,0,0,1
_,0,0,0,0,0
_,0,0,0,0,0
_,0,0,0,0,0
_,0,0,0,0,0
_,0,0,0,0,0
_,0,0,0,0,0
_,0,0,0,0,0
_,0,0,0,0,0
_,0,0,0,0,0
_,0,0,0,0,0
_,0,0,0,0,0
_,0,0,0,0,0
_,0,0,0,0,0
_,0,0,0,0,0
_,0,0,0,0,0
_,0,0,0,0,0
_,0,0,0,0,0
_,0,0,0,0,0
_,0,0,0,0,0
_,0,0,0,0,0
_,0,0,0,0,0
_,0,0,0,0,0
_,0,0,0,0,0
_,0,0,0,0,0
_,0,0,0,0,0
_,0,0,0,0,0
_,0,0,0,0,0
_,0,0,0,0,0
_,0,0,0,0,0
_,0,0,0,0,0
_,0,0,0,0,0
_,0,0,0,0,0
_,0,0,0,0,0
_,0,0,0,0,0
_,0,0,0,0,0
_,0,0,0,0,0
_,0,0,0,0,0
_,0,0,0,0,0
_,0,0,0,0,0
_,0,0,0,0,0
_,0,0,0,0,0
_,0,0,0,0,0
_,0,0,0,0,0
_,0,0,0,0,0
_,0,0,0,0,0
_,0,0,0,0,0
_,0,0,0,0,0
