Azel,6,2,0,DevilBadGhost
170,_,_,_,_,_
_,0,0,0,0,0
_,0,0,0,0,0
_,0,0,0,0,0
_,0,0,0,0,0
_,0,0,0,0,0
_,0,0,0,0,0
_,0,0,0,0,0
_,0,0,0,0,0
_,0,0,0,0,0
_,0,0,0,0,0
_,0,0,0,0,0
_,0,0,0,0,0
_,0,0,0,0,0
_,0,0,0,0,0
_,0,0,0,0,0
_,0,0,0,0,0
_,0,0,0,0,0
_,0,0,0,0,0
_,0,0,0,0,0
_,0,0,0,0,0
_,0,0,0,0,0
_,0,0,0,0,0
_,0,0,0,0,0
_,0,0,0,0,0
_,0,0,0,0,0
_,0,0,0,0,0
_,0,0,0,0,0
_,0,0,0,0,0
_,0,0,0,0,0
_,0,0,0,0,0
_,0,0,0,0,0
_,0,0,0,0,0
_,0,0,0,0,0
_,0,0,0,0,0
_,0,0,0,0,0
_,0,0,0,0,0
_,0,0,0,0,0
_,0,0,0,0,0
_,0,0,0,0,0
_,0,0,0,0,0
_,0,0,0,0,0
_,0,0,0,0,0
_,0,0,0,0,0
_,0,0,0,0,0
_,0,0,0,0,0
_,0,0,0,0,0
_,0,0,0,0,0
_,0,0,0,0,0
170,_,_,_,_,_
_,8,0,0,0,0
_,0,0,0,0,0
_,0,0,0,0,0
_,0,0,0,0,0
_,0,0,0,0,0
_,0,0,0,0,0
_,0,0,0,0,0
_,0,0,0,0,0
_,0,0,0,0,0
_,0,0,0,0,0
_,0,0,0,0,0
_,0,0,0,0,0
_,8,0,0,0,0
_,0,0,0,0,0
_,0,0,0,0,0
_,0,0,0,0,0
_,0,0,0,0,0
_,0,0,0,0,0
_,0,0,0,0,0
_,0,0,0,0,0
_,0,0,0,0,0
_,0,0,0,0,0
_,0,0,0,0,0
_,0,0,0,0,0
_,8,0,0,0,0
_,0,0,0,0,0
_,0,0,0,0,0
_,0,0,0,0,0
_,0,0,0,0,0
_,0,0,0,0,0
_,0,0,0,0,0
_,0,0,0,0,0
_,0,0,0,0,0
_,0,0,0,0,0
_,0,0,0,0,0
_,0,0,0,0,0
_,8,0,0,0,0
_,0,0,0,0,0
_,0,0,0,0,0
_,0,0,0,0,0
_,0,0,0,0,0
_,0,0,0,0,0
_,0,0,0,0,0
_,0,0,0,0,0
_,0,0,0,0,0
_,0,0,0,0,0
_,0,0,0,0,0
_,0,0,0,0,0
170,_,_,_,_,_
_,0,0,0,1,0
_,0,0,0,0,0
_,0,0,0,0,0
_,0,0,0,0,0
_,0,0,0,0,0
_,0,0,0,0,0
_,0,0,1,0,0
_,0,0,0,0,0
_,0,0,0,0,0
_,0,0,0,0,0
_,0,0,0,0,0
_,0,0,0,0,0
_,0,1,0,0,0
_,0,0,0,0,0
_,0,0,0,0,0
_,0,0,0,0,0
_,0,0,0,0,0
_,0,0,0,0,0
_,0,0,0,0,1
_,0,0,0,0,0
_,0,0,0,0,0
_,0,0,0,0,0
_,0,0,0,0,0
_,0,0,0,0,0
_,0,0,0,1,0
_,0,0,0,0,0
_,0,0,0,0,0
_,0,0,0,0,0
_,0,0,0,0,0
_,0,0,0,0,0
_,0,0,1,0,0
_,0,0,0,0,0
_,0,0,0,0,0
_,0,0,0,0,0
_,0,0,0,0,0
_,0,0,0,0,0
_,0,0,0,0,0
_,0,0,0,0,0
_,0,0,0,0,0
_,0,0,0,0,0
_,0,0,0,0,0
_,0,0,0,0,0
_,0,1,0,0,0
_,0,0,0,0,0
_,0,0,0,0,0
_,0,0,1,0,0
_,0,0,0,0,0
_,0,0,0,0,0
170,_,_,_,_,_
_,6,0,0,1,0
_,0,0,0,0,0
_,0,0,0,0,0
_,0,0,0,0,0
_,0,0,0,0,0
_,0,0,0,0,0
_,0,0,0,0,0
_,0,0,0,0,0
_,0,0,0,0,0
_,0,0,0,0,0
_,0,0,0,0,0
_,0,0,0,0,0
_,0,0,0,0,0
_,0,0,0,0,0
_,0,0,0,0,0
_,0,0,0,0,0
_,0,0,0,0,0
_,0,0,0,0,0
_,6,0,0,1,0
_,0,0,0,0,0
_,0,0,0,0,0
_,0,0,0,0,0
_,0,0,0,0,0
_,0,0,0,0,0
_,0,0,0,0,0
_,0,0,0,0,0
_,0,0,0,0,0
_,0,0,0,0,0
_,0,0,0,0,0
_,0,0,0,0,0
_,0,0,0,0,0
_,0,0,0,0,0
_,0,0,0,0,0
_,0,0,0,0,0
_,0,0,0,0,0
_,0,0,0,0,0
_,6,0,0,1,0
_,0,0,0,0,0
_,0,0,0,0,0
_,0,0,0,0,0
_,0,0,0,0,0
_,0,0,0,0,0
_,0,0,0,0,0
_,0,0,0,0,0
_,0,0,0,0,0
_,0,0,0,0,0
_,0,0,0,0,0
_,0,0,0,0,0
170,_,_,_,_,_
_,2,0,42,0,0
_,0,0,0,0,0
_,0,0,0,0,0
_,0,0,0,0,0
_,0,0,0,0,0
_,0,0,0,0,0
_,0,0,0,0,0
_,0,0,0,0,0
_,0,0,0,0,0
_,0,0,0,0,0
_,0,0,0,0,0
_,0,0,0,0,0
_,0,0,0,0,0
_,0,0,0,0,0
_,0,0,0,0,0
_,0,0,0,0,0
_,0,0,0,0,0
_,0,0,0,0,0
_,2,0,0,0,0
_,0,0,0,0,0
_,0,0,0,0,0
_,0,0,0,0,0
_,0,0,0,0,0
_,0,0,0,0,0
_,0,0,0,0,0
_,0,0,0,0,0
_,0,0,0,0,0
_,0,0,0,0,0
_,0,0,0,0,0
_,0,0,0,0,0
_,0,0,0,0,0
_,0,0,0,0,0
_,0,0,0,0,0
_,0,0,0,0,0
_,0,0,0,0,0
_,0,0,0,0,0
_,0,0,0,0,0
_,0,0,0,0,0
_,0,0,0,0,0
_,0,0,0,0,0
_,0,0,0,0,0
_,0,0,0,0,0
_,0,0,0,54,0
_,0,0,0,0,0
_,0,0,0,0,0
_,0,0,0,0,0
_,0,0,0,0,0
_,0,0,0,0,0
170,_,_,_,_,_
_,2,0,0,0,0
_,0,0,0,0,0
_,0,0,0,0,0
_,0,0,0,0,0
_,0,0,0,0,0
_,0,0,0,0,0
_,0,0,0,0,0
_,0,0,0,0,0
_,0,0,0,0,0
_,0,0,0,0,0
_,0,0,0,0,0
_,0,0,0,0,0
_,0,0,0,0,0
_,0,0,0,0,0
_,0,0,0,0,0
_,0,0,0,0,0
_,0,0,0,0,0
_,0,0,0,0,0
_,2,0,0,0,0
_,0,0,0,0,0
_,0,0,0,0,0
_,0,0,0,0,0
_,0,0,0,0,0
_,0,0,0,0,0
_,0,0,0,0,0
_,0,0,0,0,0
_,0,0,0,0,0
_,0,0,0,0,0
_,0,0,0,0,0
_,0,0,0,0,0
_,0,0,0,0,0
_,0,0,0,0,0
_,0,0,0,0,0
_,0,0,0,0,0
_,0,0,0,0,0
_,0,0,0,0,0
_,0,0,0,0,0
_,0,0,0,0,0
_,0,0,0,0,0
_,0,0,0,0,0
_,0,0,0,0,0
_,0,0,0,0,0
_,0,0,0,0,0
_,0,0,0,0,0
_,0,0,0,0,0
_,0,0,0,0,0
_,0,0,0,0,0
_,0,0,0,0,0
170,_,_,_,_,_
_,2,0,0,0,45
_,0,0,0,0,0
_,0,0,0,0,0
_,0,0,0,0,0
_,0,0,0,0,0
_,0,0,0,0,0
_,0,0,0,0,0
_,0,0,0,0,0
_,0,0,0,0,0
_,0,0,0,0,0
_,0,0,0,0,0
_,0,0,0,0,0
_,0,0,0,0,0
_,0,0,0,0,0
_,0,0,0,0,0
_,0,0,0,0,0
_,0,0,0,0,0
_,0,0,0,0,0
_,2,0,0,0,0
_,0,0,0,0,0
_,0,0,0,0,0
_,0,0,0,0,0
_,0,0,0,0,0
_,0,0,0,0,0
_,0,0,0,0,0
_,0,0,0,0,0
_,0,0,0,0,0
_,0,0,0,0,0
_,0,0,0,0,0
_,0,0,0,0,0
_,0,0,0,0,0
_,0,0,0,0,0
_,0,0,0,0,0
_,0,0,0,0,0
_,0,0,0,0,0
_,0,0,0,0,0
_,0,0,0,0,0
_,0,0,0,0,0
_,0,0,0,0,0
_,0,0,0,0,0
_,0,0,0,0,0
_,0,0,0,0,0
_,0,0,0,0,0
_,0,0,0,0,0
_,0,0,0,0,0
_,0,0,0,0,0
_,0,0,0,0,0
_,0,0,0,0,0
170,_,_,_,_,_
_,6,0,0,0,1
_,0,0,0,0,0
_,0,0,0,0,0
_,0,0,0,0,0
_,0,0,0,0,0
_,0,0,0,0,0
_,0,0,0,0,0
_,0,0,0,0,0
_,0,0,0,0,0
_,0,0,0,0,0
_,0,0,0,0,0
_,0,0,0,0,0
_,6,0,0,1,0
_,0,0,0,0,0
_,0,0,0,0,0
_,0,0,0,0,0
_,0,0,0,0,0
_,0,0,0,0,0
_,0,0,0,0,0
_,0,0,0,0,0
_,0,0,0,0,0
_,0,0,0,0,0
_,0,0,0,0,0
_,0,0,0,0,0
_,6,0,1,0,0
_,0,0,0,0,0
_,0,0,0,0,0
_,0,0,0,0,0
_,0,0,0,0,0
_,0,0,0,0,0
_,0,0,0,0,0
_,0,0,0,0,0
_,0,0,0,0,0
_,0,0,0,0,0
_,0,0,0,0,0
_,0,0,0,0,0
_,6,0,0,1,0
_,0,0,0,0,0
_,0,0,0,0,0
_,0,0,0,0,0
_,0,0,0,0,0
_,0,0,0,0,0
_,0,0,0,0,0
_,0,0,0,0,0
_,0,0,0,0,0
_,0,0,0,0,0
_,0,0,0,0,0
_,0,0,0,0,0
170,_,_,_,_,_
_,2,0,42,0,0
_,0,0,0,0,0
_,0,0,0,0,0
_,0,0,0,0,0
_,0,0,0,0,0
_,0,0,0,0,0
_,0,0,0,0,0
_,0,0,0,0,0
_,0,0,0,0,0
_,0,0,0,0,0
_,0,0,0,0,0
_,0,0,0,0,0
_,0,0,0,0,0
_,0,0,0,0,0
_,0,0,0,0,0
_,0,0,0,0,0
_,0,0,0,0,0
_,0,0,0,0,0
_,2,0,0,0,0
_,0,0,0,0,0
_,0,0,0,0,0
_,0,0,0,0,0
_,0,0,0,0,0
_,0,0,0,0,0
_,0,0,0,0,0
_,0,0,0,0,0
_,0,0,0,0,0
_,0,0,0,0,0
_,0,0,0,0,0
_,0,0,0,0,0
_,0,0,0,0,0
_,0,0,0,0,0
_,0,0,0,0,0
_,0,0,0,0,0
_,0,0,0,0,0
_,0,0,0,0,0
_,0,0,0,0,0
_,0,0,0,0,0
_,0,0,0,0,0
_,0,0,0,0,0
_,0,0,0,0,0
_,0,0,0,0,0
_,0,0,0,54,0
_,0,0,0,0,0
_,0,0,0,0,0
_,0,0,0,0,0
_,0,0,0,0,0
_,0,0,0,0,0
170,_,_,_,_,_
_,2,0,0,0,0
_,0,0,0,0,0
_,0,0,0,0,0
_,0,0,0,0,0
_,0,0,0,0,0
_,0,0,0,0,0
_,0,0,0,0,0
_,0,0,0,0,0
_,0,0,0,0,0
_,0,0,0,0,0
_,0,0,0,0,0
_,0,0,0,0,0
_,0,0,0,0,0
_,0,0,0,0,0
_,0,0,0,0,0
_,0,0,0,0,0
_,0,0,0,0,0
_,0,0,0,0,0
_,2,0,0,0,0
_,0,0,0,0,0
_,0,0,0,0,0
_,0,0,0,0,0
_,0,0,0,0,0
_,0,0,0,0,0
_,0,0,0,0,0
_,0,0,0,0,0
_,0,0,0,0,0
_,0,0,0,0,0
_,0,0,0,0,0
_,0,0,0,0,0
_,0,0,0,0,0
_,0,0,0,0,0
_,0,0,0,0,0
_,0,0,0,0,0
_,0,0,0,0,0
_,0,0,0,0,0
_,0,0,0,0,0
_,0,0,0,0,0
_,0,0,0,0,0
_,0,0,0,0,0
_,0,0,0,0,0
_,0,0,0,0,0
_,0,0,0,0,0
_,0,0,0,0,0
_,0,0,0,0,0
_,0,0,0,0,0
_,0,0,0,0,0
_,0,0,0,0,0
170,_,_,_,_,_
_,2,0,0,0,48
_,0,0,0,0,0
_,0,0,0,0,0
_,0,0,0,0,0
_,0,0,0,0,0
_,0,0,0,0,0
_,0,0,0,0,0
_,0,0,0,0,0
_,0,0,0,0,0
_,0,0,0,0,0
_,0,0,0,0,0
_,0,0,0,0,0
_,0,0,0,0,0
_,0,0,0,0,0
_,0,0,0,0,0
_,0,0,0,0,0
_,0,0,0,0,0
_,0,0,0,0,0
_,2,0,0,0,0
_,0,0,0,0,0
_,0,0,0,0,0
_,0,0,0,0,0
_,0,0,0,0,0
_,0,0,0,0,0
_,0,0,0,0,0
_,0,0,0,0,0
_,0,0,0,0,0
_,0,0,0,0,0
_,0,0,0,0,0
_,0,0,0,0,0
_,0,0,0,0,0
_,0,0,0,0,0
_,0,0,0,0,0
_,0,0,0,0,0
_,0,0,0,0,0
_,0,0,0,0,0
_,0,0,0,0,0
_,0,0,0,0,0
_,0,0,0,0,0
_,0,0,0,0,0
_,0,0,0,0,0
_,0,0,0,0,0
_,0,0,0,0,0
_,0,0,0,0,0
_,0,0,0,0,0
_,0,0,0,0,0
_,0,0,0,0,0
_,0,0,0,0,0
170,_,_,_,_,_
_,8,0,1,0,0
_,0,0,0,0,0
_,0,0,0,0,0
_,0,0,0,0,0
_,0,0,0,0,0
_,0,0,0,0,0
_,0,0,0,0,0
_,0,0,0,0,0
_,0,0,0,0,0
_,0,0,0,0,0
_,0,0,0,0,0
_,0,0,0,0,0
_,8,0,1,0,0
_,0,0,0,0,0
_,0,0,0,0,0
_,0,0,0,0,0
_,0,0,0,0,0
_,0,0,0,0,0
_,0,0,0,0,0
_,0,0,0,0,0
_,0,0,0,0,0
_,0,0,0,0,0
_,0,0,0,0,0
_,0,0,0,0,0
_,8,0,1,0,0
_,0,0,0,0,0
_,0,0,0,0,0
_,0,0,0,0,0
_,0,0,0,0,0
_,0,0,0,0,0
_,0,0,0,0,0
_,0,0,0,0,0
_,0,0,0,0,0
_,0,0,0,0,0
_,0,0,0,0,0
_,0,0,0,0,0
_,8,0,1,0,0
_,0,0,0,0,0
_,0,0,0,0,0
_,0,0,0,0,0
_,0,0,0,0,0
_,0,0,0,0,0
_,0,0,0,0,0
_,0,0,0,0,0
_,0,0,0,0,0
_,0,0,0,0,0
_,0,0,0,0,0
_,0,0,0,0,0
170,_,_,_,_,_
_,0,0,0,1,0
_,0,0,0,0,0
_,0,0,0,0,0
_,0,0,0,0,0
_,0,0,0,0,0
_,0,0,0,0,0
_,0,0,0,1,0
_,0,0,0,0,0
_,0,0,0,0,0
_,0,0,0,0,0
_,0,0,0,0,0
_,0,0,0,0,0
_,0,0,0,1,0
_,0,0,0,0,0
_,0,0,0,0,0
_,0,0,0,0,0
_,0,0,0,0,0
_,0,0,0,0,0
_,0,0,0,1,0
_,0,0,0,0,0
_,0,0,0,0,0
_,0,0,0,0,0
_,0,0,0,0,0
_,0,0,0,0,0
_,0,0,0,1,0
_,0,0,0,0,0
_,0,0,0,0,0
_,0,0,0,0,0
_,0,0,0,0,0
_,0,0,0,0,0
_,0,0,1,0,0
_,0,0,0,0,0
_,0,0,0,0,0
_,0,0,0,0,0
_,0,0,0,0,0
_,0,0,0,0,0
_,0,0,0,0,0
_,0,0,0,0,0
_,0,0,0,0,0
_,0,0,0,0,0
_,0,0,0,0,0
_,0,0,0,0,0
_,0,0,0,1,0
_,0,0,0,0,0
_,0,0,0,0,0
_,0,0,0,0,0
_,0,0,0,0,0
_,0,0,0,0,0
170,_,_,_,_,_
_,0,0,0,0,0
_,0,0,0,0,0
_,0,0,0,0,0
_,0,0,0,0,0
_,0,0,0,0,0
_,0,0,0,0,0
_,0,0,0,1,0
_,0,0,0,0,0
_,0,0,0,0,0
_,0,0,0,0,0
_,0,0,0,0,0
_,0,0,0,0,0
_,0,0,0,1,0
_,0,0,0,0,0
_,0,0,0,0,0
_,0,0,0,0,0
_,0,0,0,0,0
_,0,0,0,0,0
_,0,0,0,1,0
_,0,0,0,0,0
_,0,0,0,0,0
_,0,0,0,0,0
_,0,0,0,0,0
_,0,0,0,0,0
_,0,0,0,1,0
_,0,0,0,0,0
_,0,0,0,0,0
_,0,0,0,0,0
_,0,0,0,0,0
_,0,0,0,0,0
_,0,0,1,0,0
_,0,0,0,0,0
_,0,0,0,0,0
_,0,0,0,0,0
_,0,0,0,0,0
_,0,0,0,0,0
_,0,0,0,0,0
_,0,0,0,0,0
_,0,0,0,0,0
_,0,0,0,0,0
_,0,0,0,0,0
_,0,0,0,0,0
_,0,0,0,0,0
_,0,0,0,0,0
_,0,0,0,0,0
_,0,0,0,0,0
_,0,0,0,0,0
_,0,0,0,0,0
170,_,_,_,_,_
_,0,0,0,1,0
_,0,0,0,0,0
_,0,0,0,0,0
_,0,0,0,0,0
_,0,0,0,0,0
_,0,0,0,0,0
_,0,0,0,1,0
_,0,0,0,0,0
_,0,0,0,0,0
_,0,0,0,0,0
_,0,0,0,0,0
_,0,0,0,0,0
_,0,0,0,1,0
_,0,0,0,0,0
_,0,0,0,0,0
_,0,0,0,0,0
_,0,0,0,0,0
_,0,0,0,0,0
_,0,0,0,1,0
_,0,0,0,0,0
_,0,0,0,0,0
_,0,0,0,0,0
_,0,0,0,0,0
_,0,0,0,0,0
_,0,0,0,1,0
_,0,0,0,0,0
_,0,0,0,0,0
_,0,0,0,0,0
_,0,0,0,0,0
_,0,0,0,0,0
_,0,0,1,0,0
_,0,0,0,0,0
_,0,0,0,0,0
_,0,0,0,0,0
_,0,0,0,0,0
_,0,0,0,0,0
_,0,0,1,0,0
_,0,0,0,0,0
_,0,0,0,0,0
_,0,0,0,0,0
_,0,0,0,0,0
_,0,0,0,0,0
_,0,0,0,0,0
_,0,0,0,0,0
_,0,0,0,0,0
_,0,0,0,0,0
_,0,0,0,0,0
_,0,0,0,0,0
170,_,_,_,_,_
_,2,0,0,0,0
_,0,0,0,0,0
_,0,0,0,0,0
_,0,0,0,0,0
_,0,0,0,0,0
_,0,0,0,0,0
_,0,0,0,0,0
_,0,0,0,0,0
_,0,0,0,0,0
_,0,0,0,0,0
_,0,0,0,0,0
_,0,0,0,0,0
_,2,0,0,0,0
_,0,0,0,0,0
_,0,0,0,0,0
_,0,0,0,0,0
_,0,0,0,0,0
_,0,0,0,0,0
_,0,0,0,0,0
_,0,0,0,0,0
_,0,0,0,0,0
_,0,0,0,0,0
_,0,0,0,0,0
_,0,0,0,0,0
_,0,0,0,1,0
_,0,0,0,0,0
_,0,0,0,0,0
_,0,0,0,0,0
_,0,0,0,0,0
_,0,0,0,0,0
_,0,0,0,1,0
_,0,0,0,0,0
_,0,0,0,0,0
_,0,0,0,0,0
_,0,0,0,0,0
_,0,0,0,0,0
_,0,0,1,0,0
_,0,0,0,0,0
_,0,0,0,0,0
_,0,0,0,0,0
_,0,0,0,0,0
_,0,0,0,0,0
_,0,0,0,0,0
_,0,0,0,0,0
_,0,0,0,0,0
_,0,0,0,0,0
_,0,0,0,0,0
_,0,0,0,0,0
170,_,_,_,_,_
_,0,0,0,1,0
_,0,0,0,0,0
_,0,0,0,0,0
_,0,0,0,0,0
_,0,0,0,0,0
_,0,0,0,0,0
_,0,0,0,1,0
_,0,0,0,0,0
_,0,0,0,0,0
_,0,0,0,0,0
_,0,0,0,0,0
_,0,0,0,0,0
_,0,0,0,1,0
_,0,0,0,0,0
_,0,0,0,0,0
_,0,0,0,0,0
_,0,0,0,0,0
_,0,0,0,0,0
_,0,0,0,1,0
_,0,0,0,0,0
_,0,0,0,0,0
_,0,0,0,0,0
_,0,0,0,0,0
_,0,0,0,0,0
_,0,0,0,1,0
_,0,0,0,0,0
_,0,0,0,0,0
_,0,0,0,0,0
_,0,0,0,0,0
_,0,0,0,0,0
_,0,0,1,0,0
_,0,0,0,0,0
_,0,0,0,0,0
_,0,0,0,0,0
_,0,0,0,0,0
_,0,0,0,0,0
_,0,0,0,0,0
_,0,0,0,0,0
_,0,0,0,0,0
_,0,0,0,0,0
_,0,0,0,0,0
_,0,0,0,0,0
_,0,0,0,1,0
_,0,0,0,0,0
_,0,0,0,0,0
_,0,0,0,0,0
_,0,0,0,0,0
_,0,0,0,0,0
170,_,_,_,_,_
_,0,0,0,0,0
_,0,0,0,0,0
_,0,0,0,0,0
_,0,0,0,0,0
_,0,0,0,0,0
_,0,0,0,0,0
_,0,0,0,1,0
_,0,0,0,0,0
_,0,0,0,0,0
_,0,0,0,0,0
_,0,0,0,0,0
_,0,0,0,0,0
_,0,0,0,1,0
_,0,0,0,0,0
_,0,0,0,0,0
_,0,0,0,0,0
_,0,0,0,0,0
_,0,0,0,0,0
_,0,0,0,1,0
_,0,0,0,0,0
_,0,0,0,0,0
_,0,0,0,0,0
_,0,0,0,0,0
_,0,0,0,0,0
_,0,0,0,1,0
_,0,0,0,0,0
_,0,0,0,0,0
_,0,0,0,0,0
_,0,0,0,0,0
_,0,0,0,0,0
_,0,0,1,0,0
_,0,0,0,0,0
_,0,0,0,0,0
_,0,0,0,0,0
_,0,0,0,0,0
_,0,0,0,0,0
_,0,0,0,0,0
_,0,0,0,0,0
_,0,0,0,0,0
_,0,0,0,0,0
_,0,0,0,0,0
_,0,0,0,0,0
_,0,0,0,0,1
_,0,0,0,0,0
_,0,0,0,0,0
_,0,0,0,0,0
_,0,0,0,0,0
_,0,0,0,0,0
170,_,_,_,_,_
_,0,0,0,0,0
_,0,0,0,0,0
_,0,0,0,0,0
_,0,0,0,0,0
_,0,0,0,0,0
_,0,0,0,0,0
_,0,1,0,0,0
_,0,0,0,0,0
_,0,0,0,0,0
_,0,0,0,0,0
_,0,0,0,0,0
_,0,0,0,0,0
_,0,0,1,0,0
_,0,0,0,0,0
_,0,0,0,0,0
_,0,0,0,0,0
_,0,0,0,0,0
_,0,0,0,0,0
_,0,0,0,1,0
_,0,0,0,0,0
_,0,0,0,0,0
_,0,0,0,0,0
_,0,0,0,0,0
_,0,0,0,0,0
_,0,0,1,0,0
_,0,0,0,0,0
_,0,0,0,0,0
_,0,0,0,0,0
_,0,0,0,0,0
_,0,0,0,0,0
_,0,0,0,0,0
_,0,0,0,0,0
_,0,0,0,0,0
_,0,0,0,1,0
_,0,0,0,0,0
_,0,0,0,0,0
_,0,0,0,0,0
_,0,0,0,0,0
_,0,0,0,0,0
_,0,0,0,0,0
_,0,0,0,0,0
_,0,0,0,0,0
_,0,0,0,0,1
_,0,0,0,0,0
_,0,0,0,0,0
_,0,0,0,0,0
_,0,0,0,0,0
_,0,0,0,0,0
170,_,_,_,_,_
_,0,1,0,0,0
_,0,0,0,0,0
_,0,0,0,0,0
_,0,0,0,0,0
_,0,0,0,0,0
_,0,0,0,0,0
_,0,0,0,0,0
_,0,0,0,0,0
_,0,0,0,0,0
_,0,0,0,0,0
_,0,0,0,0,0
_,0,0,0,0,0
_,0,1,0,0,0
_,0,0,0,0,0
_,0,0,0,0,0
_,0,0,0,0,0
_,0,0,0,0,0
_,0,0,0,0,0
_,0,0,0,0,0
_,0,0,0,0,0
_,0,0,0,0,0
_,0,0,0,0,0
_,0,0,0,0,0
_,0,0,0,0,0
_,0,1,0,0,0
_,0,0,0,0,0
_,0,0,0,0,0
_,0,0,0,0,0
_,0,0,0,0,0
_,0,0,0,0,0
_,0,0,0,0,0
_,0,0,0,0,0
_,0,0,0,0,0
_,0,0,0,0,0
_,0,0,0,0,0
_,0,0,0,0,0
_,0,1,0,0,0
_,0,0,0,0,0
_,0,0,0,0,0
_,0,0,0,0,0
_,0,0,0,0,0
_,0,0,0,0,0
_,0,0,1,0,0
_,0,0,0,0,0
_,0,0,0,0,0
_,0,0,0,0,0
_,0,0,0,0,0
_,0,0,0,0,0
170,_,_,_,_,_
_,8,0,0,0,0
_,0,0,0,0,0
_,0,0,0,0,0
_,0,0,0,0,0
_,0,0,0,0,0
_,0,0,0,0,0
_,8,0,0,0,0
_,0,0,0,0,0
_,0,0,0,0,0
_,0,0,0,0,0
_,0,0,0,0,0
_,0,0,0,0,0
_,8,0,0,0,0
_,0,0,0,0,0
_,0,0,0,0,0
_,0,0,0,0,0
_,0,0,0,0,0
_,0,0,0,0,0
_,8,0,0,0,0
_,0,0,0,0,0
_,0,0,0,0,0
_,0,0,0,0,0
_,0,0,0,0,0
_,0,0,0,0,0
_,8,0,0,0,0
_,0,0,0,0,0
_,0,0,0,0,0
_,0,0,0,0,0
_,0,0,0,0,0
_,0,0,0,0,0
_,6,0,0,0,0
_,0,0,0,0,0
_,0,0,0,0,0
_,0,0,0,0,0
_,0,0,0,0,0
_,0,0,0,0,0
_,0,0,0,0,0
_,0,0,0,0,0
_,0,0,0,0,0
_,0,0,0,0,0
_,0,0,0,0,0
_,0,0,0,0,0
_,8,0,0,0,0
_,0,0,0,0,0
_,0,0,0,0,0
_,0,0,0,0,0
_,0,0,0,0,0
_,0,0,0,0,0
170,_,_,_,_,_
_,0,0,0,0,0
_,0,0,0,0,0
_,0,0,0,0,0
_,0,0,0,0,0
_,0,0,0,0,0
_,0,0,0,0,0
_,8,0,0,0,0
_,0,0,0,0,0
_,0,0,0,0,0
_,0,0,0,0,0
_,0,0,0,0,0
_,0,0,0,0,0
_,8,0,0,0,0
_,0,0,0,0,0
_,0,0,0,0,0
_,0,0,0,0,0
_,0,0,0,0,0
_,0,0,0,0,0
_,8,0,0,0,0
_,0,0,0,0,0
_,0,0,0,0,0
_,0,0,0,0,0
_,0,0,0,0,0
_,0,0,0,0,0
_,8,0,0,0,0
_,0,0,0,0,0
_,0,0,0,0,0
_,0,0,0,0,0
_,0,0,0,0,0
_,0,0,0,0,0
_,6,0,0,0,0
_,0,0,0,0,0
_,0,0,0,0,0
_,0,0,0,0,0
_,0,0,0,0,0
_,0,0,0,0,0
_,0,0,0,0,0
_,0,0,0,0,0
_,0,0,0,0,0
_,0,0,0,0,0
_,0,0,0,0,0
_,0,0,0,0,0
_,6,0,0,0,0
_,0,0,0,0,0
_,0,0,0,0,0
_,0,0,0,0,0
_,0,0,0,0,0
_,0,0,0,0,0
170,_,_,_,_,_
_,0,0,0,1,0
_,0,0,0,0,0
_,0,0,0,0,0
_,0,0,0,0,0
_,0,0,0,0,0
_,0,0,0,0,0
_,0,0,1,0,0
_,0,0,0,0,0
_,0,0,0,0,0
_,0,0,0,0,0
_,0,0,0,0,0
_,0,0,0,0,0
_,0,0,0,1,0
_,0,0,0,0,0
_,0,0,0,0,0
_,0,0,0,0,0
_,0,0,0,0,0
_,0,0,0,0,0
_,0,0,0,0,1
_,0,0,0,0,0
_,0,0,0,0,0
_,0,0,0,0,0
_,0,0,0,0,0
_,0,0,0,0,0
_,0,0,0,1,0
_,0,0,0,0,0
_,0,0,0,0,0
_,0,0,0,0,0
_,0,0,0,0,0
_,0,0,0,0,0
_,0,0,1,0,0
_,0,0,0,0,0
_,0,0,0,0,0
_,0,0,0,0,0
_,0,0,0,0,0
_,0,0,0,0,0
_,0,1,0,0,0
_,0,0,0,0,0
_,0,0,0,0,0
_,0,0,0,0,0
_,0,0,0,0,0
_,0,0,0,0,0
_,0,0,1,0,0
_,0,0,0,0,0
_,0,0,0,0,0
_,0,0,0,0,0
_,0,0,0,0,0
_,0,0,0,0,0
170,_,_,_,_,_
_,0,0,0,36,0
_,0,0,0,0,0
_,0,0,0,0,0
_,0,0,0,0,0
_,0,0,0,0,0
_,0,0,0,0,0
_,0,0,0,0,0
_,0,0,0,0,0
_,0,0,0,0,0
_,0,0,0,0,0
_,0,0,0,0,0
_,0,0,0,0,0
_,6,0,0,0,0
_,0,0,0,0,0
_,0,0,0,0,0
_,0,0,0,0,0
_,0,0,0,0,0
_,0,0,0,0,0
_,0,0,0,0,0
_,0,0,0,0,0
_,0,0,0,0,0
_,0,0,0,0,0
_,0,0,0,0,0
_,0,0,0,0,0
_,6,0,0,0,0
_,0,0,0,0,0
_,0,0,0,0,0
_,0,0,0,0,0
_,0,0,0,0,0
_,0,0,0,0,0
_,0,0,0,0,0
_,0,0,0,0,0
_,0,0,0,0,0
_,0,0,0,0,0
_,0,0,0,0,0
_,0,0,0,0,0
_,0,1,0,0,0
_,0,0,0,0,0
_,0,0,0,0,0
_,0,0,0,0,0
_,0,0,0,0,0
_,0,0,0,0,0
_,0,0,1,0,0
_,0,0,0,0,0
_,0,0,0,0,0
_,0,0,0,0,0
_,0,0,0,0,0
_,0,0,0,0,0
170,_,_,_,_,_
_,8,0,0,0,0
_,0,0,0,0,0
_,0,0,0,0,0
_,0,0,0,0,0
_,0,0,0,0,0
_,0,0,0,0,0
_,8,0,0,0,0
_,0,0,0,0,0
_,0,0,0,0,0
_,0,0,0,0,0
_,0,0,0,0,0
_,0,0,0,0,0
_,8,0,0,0,0
_,0,0,0,0,0
_,0,0,0,0,0
_,0,0,0,0,0
_,0,0,0,0,0
_,0,0,0,0,0
_,8,0,0,0,0
_,0,0,0,0,0
_,0,0,0,0,0
_,0,0,0,0,0
_,0,0,0,0,0
_,0,0,0,0,0
_,8,0,0,0,0
_,0,0,0,0,0
_,0,0,0,0,0
_,0,0,0,0,0
_,0,0,0,0,0
_,0,0,0,0,0
_,6,0,0,0,0
_,0,0,0,0,0
_,0,0,0,0,0
_,0,0,0,0,0
_,0,0,0,0,0
_,0,0,0,0,0
_,0,0,0,0,0
_,0,0,0,0,0
_,0,0,0,0,0
_,0,0,0,0,0
_,0,0,0,0,0
_,0,0,0,0,0
_,8,0,0,0,0
_,0,0,0,0,0
_,0,0,0,0,0
_,0,0,0,0,0
_,0,0,0,0,0
_,0,0,0,0,0
170,_,_,_,_,_
_,0,0,0,0,0
_,0,0,0,0,0
_,0,0,0,0,0
_,0,0,0,0,0
_,0,0,0,0,0
_,0,0,0,0,0
_,8,0,0,0,0
_,0,0,0,0,0
_,0,0,0,0,0
_,0,0,0,0,0
_,0,0,0,0,0
_,0,0,0,0,0
_,8,0,0,0,0
_,0,0,0,0,0
_,0,0,0,0,0
_,0,0,0,0,0
_,0,0,0,0,0
_,0,0,0,0,0
_,8,0,0,0,0
_,0,0,0,0,0
_,0,0,0,0,0
_,0,0,0,0,0
_,0,0,0,0,0
_,0,0,0,0,0
_,8,0,0,0,0
_,0,0,0,0,0
_,0,0,0,0,0
_,0,0,0,0,0
_,0,0,0,0,0
_,0,0,0,0,0
_,6,0,0,0,0
_,0,0,0,0,0
_,0,0,0,0,0
_,0,0,0,0,0
_,0,0,0,0,0
_,0,0,0,0,0
_,0,0,0,0,0
_,0,0,0,0,0
_,0,0,0,0,0
_,0,0,0,0,0
_,0,0,0,0,0
_,0,0,0,0,0
_,6,0,0,0,0
_,0,0,0,0,0
_,0,0,0,0,0
_,0,0,0,0,0
_,0,0,0,0,0
_,0,0,0,0,0
170,_,_,_,_,_
_,0,0,0,0,1
_,0,0,0,0,0
_,0,0,0,0,0
_,0,0,0,0,0
_,0,0,0,0,0
_,0,0,0,0,0
_,0,0,0,1,0
_,0,0,0,0,0
_,0,0,0,0,0
_,0,0,0,0,0
_,0,0,0,0,0
_,0,0,0,0,0
_,0,0,1,0,0
_,0,0,0,0,0
_,0,0,0,0,0
_,0,0,0,0,0
_,0,0,0,0,0
_,0,0,0,0,0
_,0,1,0,0,0
_,0,0,0,0,0
_,0,0,0,0,0
_,0,0,0,0,0
_,0,0,0,0,0
_,0,0,0,0,0
_,0,0,0,0,0
_,0,0,0,0,0
_,0,0,0,0,0
_,0,0,0,0,0
_,0,0,0,0,0
_,0,0,0,0,0
_,0,0,0,1,0
_,0,0,0,0,0
_,0,0,0,0,0
_,0,0,0,0,0
_,0,0,0,0,0
_,0,0,0,0,0
_,0,0,1,0,0
_,0,0,0,0,0
_,0,0,0,0,0
_,0,0,0,0,0
_,0,0,0,0,0
_,0,0,0,0,0
_,0,0,0,0,0
_,0,0,0,0,0
_,0,0,0,0,0
_,0,0,0,0,0
_,0,0,0,0,0
_,0,0,0,0,0
170,_,_,_,_,_
_,0,1,0,0,0
_,0,0,0,0,0
_,0,0,0,0,0
_,0,0,0,0,0
_,0,0,0,0,0
_,0,0,0,0,0
_,0,0,1,0,0
_,0,0,0,0,0
_,0,0,0,0,0
_,0,0,0,0,0
_,0,0,0,0,0
_,0,0,0,0,0
_,0,0,0,1,0
_,0,0,0,0,0
_,0,0,0,0,0
_,0,0,0,0,0
_,0,0,0,0,0
_,0,0,0,0,0
_,0,0,0,0,1
_,0,0,0,0,0
_,0,0,0,0,0
_,0,0,0,0,0
_,0,0,0,0,0
_,0,0,0,0,0
_,0,1,0,0,0
_,0,0,0,0,0
_,0,0,0,0,0
_,0,0,0,0,0
_,0,0,0,0,0
_,0,0,0,0,0
_,0,0,1,0,0
_,0,0,0,0,0
_,0,0,0,0,0
_,0,0,0,0,0
_,0,0,0,0,0
_,0,0,0,0,0
_,0,0,0,1,0
_,0,0,0,0,0
_,0,0,0,0,0
_,0,0,0,0,0
_,0,0,0,0,0
_,0,0,0,0,0
_,0,0,0,0,1
_,0,0,0,0,0
_,0,0,0,0,0
_,0,0,0,0,0
_,0,0,0,0,0
_,0,0,0,0,0
170,_,_,_,_,_
_,2,0,36,0,0
_,0,0,0,0,0
_,0,0,0,0,0
_,0,0,0,0,0
_,0,0,0,0,0
_,0,0,0,0,0
_,0,0,0,0,0
_,0,0,0,0,0
_,0,0,0,0,0
_,0,0,0,0,0
_,0,0,0,0,0
_,0,0,0,0,0
_,0,0,0,0,0
_,0,0,0,0,0
_,0,0,0,0,0
_,0,0,0,0,0
_,0,0,0,0,0
_,0,0,0,0,0
_,0,0,0,0,0
_,0,0,0,0,0
_,0,0,0,0,0
_,0,0,0,0,0
_,0,0,0,0,0
_,0,0,0,0,0
_,0,0,0,0,0
_,0,0,0,0,0
_,0,0,0,0,0
_,0,0,0,0,0
_,0,0,0,0,0
_,0,0,0,0,0
_,0,0,0,0,0
_,0,0,0,0,0
_,0,0,0,0,0
_,0,0,0,0,0
_,0,0,0,0,0
_,0,0,0,0,0
_,2,0,0,0,1
_,0,0,0,0,0
_,0,0,0,0,0
_,0,0,0,0,0
_,0,0,0,0,0
_,0,0,0,0,0
_,0,0,0,0,0
_,0,0,0,0,0
_,0,0,0,0,0
_,0,0,0,0,0
_,0,0,0,0,0
_,0,0,0,0,0
170,_,_,_,_,_
_,2,48,0,0,0
_,0,0,0,0,0
_,0,0,0,0,0
_,0,0,0,0,0
_,0,0,0,0,0
_,0,0,0,0,0
_,0,0,0,0,0
_,0,0,0,0,0
_,0,0,0,0,0
_,0,0,0,0,0
_,0,0,0,0,0
_,0,0,0,0,0
_,0,0,0,0,0
_,0,0,0,0,0
_,0,0,0,0,0
_,0,0,0,0,0
_,0,0,0,0,0
_,0,0,0,0,0
_,0,0,0,0,0
_,0,0,0,0,0
_,0,0,0,0,0
_,0,0,0,0,0
_,0,0,0,0,0
_,0,0,0,0,0
_,0,0,0,0,0
_,0,0,0,0,0
_,0,0,0,0,0
_,0,0,0,0,0
_,0,0,0,0,0
_,0,0,0,0,0
_,0,0,0,0,0
_,0,0,0,0,0
_,0,0,0,0,0
_,0,0,0,0,0
_,0,0,0,0,0
_,0,0,0,0,0
_,0,0,0,0,0
_,0,0,0,0,0
_,0,0,0,0,0
_,0,0,0,0,0
_,0,0,0,0,0
_,0,0,0,0,0
_,0,0,0,0,0
_,0,0,0,0,0
_,0,0,0,0,0
_,0,0,0,0,0
_,0,0,0,0,0
_,0,0,0,0,0
170,_,_,_,_,_
_,2,0,21,0,0
_,0,0,0,0,0
_,0,0,0,0,0
_,0,0,0,0,0
_,0,0,0,0,0
_,0,0,0,0,0
_,0,0,0,0,0
_,0,0,0,0,0
_,0,0,0,0,0
_,0,0,0,0,0
_,0,0,0,0,0
_,0,0,0,0,0
_,0,0,0,0,0
_,0,0,0,0,0
_,0,0,0,0,0
_,0,0,0,0,0
_,0,0,0,0,0
_,0,0,0,0,0
_,0,0,0,0,0
_,0,0,0,0,0
_,0,0,0,0,0
_,0,0,0,0,0
_,0,0,0,0,0
_,0,0,0,0,0
_,0,0,1,0,0
_,0,0,0,0,0
_,0,0,0,0,0
_,0,0,0,0,0
_,0,0,0,0,0
_,0,0,0,0,0
_,0,0,0,0,0
_,0,0,0,0,0
_,0,0,0,0,0
_,0,0,0,1,0
_,0,0,0,0,0
_,0,0,0,0,0
_,2,0,0,0,0
_,0,0,0,0,0
_,0,0,0,0,0
_,0,0,0,0,0
_,0,0,0,0,0
_,0,0,0,0,0
_,0,0,0,0,1
_,0,0,0,0,0
_,0,0,0,0,0
_,0,0,0,0,0
_,0,0,0,0,0
_,0,0,0,0,0
170,_,_,_,_,_
_,2,0,24,0,0
_,0,0,0,0,0
_,0,0,0,0,0
_,0,0,0,0,0
_,0,0,0,0,0
_,0,0,0,0,0
_,0,0,0,0,0
_,0,0,0,0,0
_,0,0,0,0,0
_,0,0,0,0,0
_,0,0,0,0,0
_,0,0,0,0,0
_,0,0,0,0,0
_,0,0,0,0,0
_,0,0,0,0,0
_,0,0,0,0,0
_,0,0,0,0,0
_,0,0,0,0,0
_,0,0,0,0,0
_,0,0,0,0,0
_,0,0,0,0,0
_,0,0,0,0,0
_,0,0,0,0,0
_,0,0,0,0,0
_,2,0,0,0,24
_,0,0,0,0,0
_,0,0,0,0,0
_,0,0,0,0,0
_,0,0,0,0,0
_,0,0,0,0,0
_,0,0,0,0,0
_,0,0,0,0,0
_,0,0,0,0,0
_,0,0,0,0,0
_,0,0,0,0,0
_,0,0,0,0,0
_,0,0,0,0,0
_,0,0,0,0,0
_,0,0,0,0,0
_,0,0,0,0,0
_,0,0,0,0,0
_,0,0,0,0,0
_,0,0,0,0,0
_,0,0,0,0,0
_,0,0,0,0,0
_,0,0,0,0,0
_,0,0,0,0,0
_,0,0,0,0,0
170,_,_,_,_,_
_,2,0,36,0,0
_,0,0,0,0,0
_,0,0,0,0,0
_,0,0,0,0,0
_,0,0,0,0,0
_,0,0,0,0,0
_,0,0,0,0,0
_,0,0,0,0,0
_,0,0,0,0,0
_,0,0,0,0,0
_,0,0,0,0,0
_,0,0,0,0,0
_,0,1,0,0,0
_,0,0,0,0,0
_,0,0,0,0,0
_,0,0,0,0,0
_,0,0,0,0,0
_,0,0,0,0,0
_,2,0,0,0,0
_,0,0,0,0,0
_,0,0,0,0,0
_,0,0,0,0,0
_,0,0,0,0,0
_,0,0,0,0,0
_,0,0,0,0,0
_,0,0,0,0,0
_,0,0,0,0,0
_,0,0,0,0,0
_,0,0,0,0,0
_,0,0,0,0,0
_,0,0,0,0,0
_,0,0,0,0,0
_,0,0,0,0,0
_,0,0,0,0,0
_,0,0,0,0,0
_,0,0,0,0,0
_,6,0,0,0,1
_,0,0,0,0,0
_,0,0,0,0,0
_,0,0,0,0,0
_,0,0,0,0,0
_,0,0,0,0,0
_,0,0,0,0,0
_,0,0,0,0,0
_,0,0,0,0,0
_,0,0,0,0,0
_,0,0,0,0,0
_,0,0,0,0,0
170,_,_,_,_,_
_,2,0,1,0,0
_,0,0,0,0,0
_,0,0,0,0,0
_,0,0,0,0,0
_,0,0,0,0,0
_,0,0,0,0,0
_,0,0,0,0,0
_,0,0,0,0,0
_,0,0,0,0,0
_,0,0,0,0,0
_,0,0,0,0,0
_,0,0,0,0,0
_,0,1,1,0,0
_,0,0,0,0,0
_,0,0,0,0,0
_,0,0,0,0,0
_,0,0,0,0,0
_,0,0,0,0,0
_,2,0,0,0,0
_,0,0,0,0,0
_,0,0,0,0,0
_,0,0,0,0,0
_,0,0,0,0,0
_,0,0,0,0,0
_,0,0,0,1,0
_,0,0,0,0,0
_,0,0,0,0,0
_,0,0,0,0,0
_,0,0,0,0,0
_,0,0,0,0,0
_,0,0,0,0,0
_,0,0,0,0,0
_,0,0,0,0,0
_,0,0,0,0,0
_,0,0,0,0,0
_,0,0,0,0,0
_,6,0,0,0,1
_,0,0,0,0,0
_,0,0,0,0,0
_,0,0,0,0,0
_,0,0,0,0,0
_,0,0,0,0,0
_,0,0,0,0,0
_,0,0,0,0,0
_,0,0,0,0,0
_,0,0,0,0,0
_,0,0,0,0,0
_,0,0,0,0,0
170,_,_,_,_,_
_,0,0,0,1,0
_,0,0,0,0,0
_,0,0,0,0,0
_,0,0,0,0,0
_,0,0,0,0,0
_,0,0,0,0,0
_,0,0,1,0,0
_,0,0,0,0,0
_,0,0,0,0,0
_,0,0,0,0,0
_,0,0,0,0,0
_,0,0,0,0,0
_,0,1,0,0,0
_,0,0,0,0,0
_,0,0,0,0,0
_,0,0,0,0,0
_,0,0,0,0,0
_,0,0,0,0,0
_,0,0,0,0,1
_,0,0,0,0,0
_,0,0,0,0,0
_,0,0,0,0,0
_,0,0,0,0,0
_,0,0,0,0,0
_,0,0,0,1,0
_,0,0,0,0,0
_,0,0,0,0,0
_,0,0,0,0,0
_,0,0,0,0,0
_,0,0,0,0,0
_,0,0,1,0,0
_,0,0,0,0,0
_,0,0,0,0,0
_,0,0,0,0,0
_,0,0,0,0,0
_,0,0,0,0,0
_,0,0,0,0,0
_,0,0,0,0,0
_,0,0,0,0,0
_,0,0,0,0,0
_,0,0,0,0,0
_,0,0,0,0,0
_,0,1,0,0,0
_,0,0,0,0,0
_,0,0,0,0,0
_,0,0,1,0,0
_,0,0,0,0,0
_,0,0,0,0,0
170,_,_,_,_,_
_,0,0,0,1,0
_,0,0,0,0,0
_,0,0,0,0,0
_,0,0,0,0,0
_,0,0,0,0,0
_,0,0,0,0,0
_,0,0,1,0,0
_,0,0,0,0,0
_,0,0,0,0,0
_,0,0,0,0,0
_,0,0,0,0,0
_,0,0,0,0,0
_,0,1,0,0,0
_,0,0,0,0,0
_,0,0,0,0,0
_,0,0,0,0,0
_,0,0,0,0,0
_,0,0,0,0,0
_,0,0,0,0,1
_,0,0,0,0,0
_,0,0,0,0,0
_,0,0,0,0,0
_,0,0,0,0,0
_,0,0,0,0,0
_,0,0,0,1,0
_,0,0,0,0,0
_,0,0,0,0,0
_,0,0,0,0,0
_,0,0,0,0,0
_,0,0,0,0,0
_,0,0,1,0,0
_,0,0,0,0,0
_,0,0,0,0,0
_,0,0,0,0,0
_,0,0,0,0,0
_,0,0,0,0,0
_,0,0,0,0,0
_,0,0,0,0,0
_,0,0,0,0,0
_,0,0,0,0,0
_,0,0,0,0,0
_,0,0,0,0,0
_,0,1,0,0,0
_,0,0,0,0,0
_,0,0,0,0,0
_,0,0,1,0,0
_,0,0,0,0,0
_,0,0,0,0,0
170,_,_,_,_,_
_,0,0,0,1,0
_,0,0,0,0,0
_,0,0,0,0,0
_,0,0,0,0,0
_,0,0,0,0,0
_,0,0,0,0,0
_,0,0,1,0,0
_,0,0,0,0,0
_,0,0,0,0,0
_,0,0,0,0,0
_,0,0,0,0,0
_,0,0,0,0,0
_,0,1,0,0,0
_,0,0,0,0,0
_,0,0,0,0,0
_,0,0,0,0,0
_,0,0,0,0,0
_,0,0,0,0,0
_,0,0,0,0,1
_,0,0,0,0,0
_,0,0,0,0,0
_,0,0,0,0,0
_,0,0,0,0,0
_,0,0,0,0,0
_,0,0,0,1,0
_,0,0,0,0,0
_,0,0,0,0,0
_,0,0,0,0,0
_,0,0,0,0,0
_,0,0,0,0,0
_,0,0,1,0,0
_,0,0,0,0,0
_,0,0,0,0,0
_,0,0,0,0,0
_,0,0,0,0,0
_,0,0,0,0,0
_,0,0,0,0,0
_,0,0,0,0,0
_,0,0,0,0,0
_,0,0,0,0,0
_,0,0,0,0,0
_,0,0,0,0,0
_,0,1,0,0,0
_,0,0,0,0,0
_,0,0,0,0,0
_,0,0,1,0,0
_,0,0,0,0,0
_,0,0,0,0,0
170,_,_,_,_,_
_,0,0,0,1,0
_,0,0,0,0,0
_,0,0,0,0,0
_,0,0,0,0,0
_,0,0,0,0,0
_,0,0,0,0,0
_,0,0,0,0,0
_,0,0,0,0,0
_,0,0,0,0,0
_,0,0,0,0,0
_,0,0,0,0,0
_,0,0,0,0,0
_,0,0,0,0,1
_,0,0,0,0,0
_,0,0,0,0,0
_,0,0,0,0,0
_,0,0,0,0,0
_,0,0,0,0,0
_,0,0,1,0,0
_,0,0,0,0,0
_,0,0,0,0,0
_,0,0,0,0,0
_,0,0,0,0,0
_,0,0,0,0,0
_,0,0,0,1,0
_,0,0,0,0,0
_,0,0,0,0,0
_,0,0,0,0,0
_,0,0,0,0,0
_,0,0,0,0,0
_,0,0,0,1,0
_,0,0,0,0,0
_,0,0,0,0,0
_,0,0,0,0,0
_,0,0,0,0,0
_,0,0,0,0,0
_,0,0,0,1,0
_,0,0,0,0,0
_,0,0,0,0,0
_,0,0,0,0,0
_,0,0,0,0,0
_,0,0,0,0,0
_,0,1,0,0,0
_,0,0,0,0,0
_,0,0,0,0,0
_,0,0,0,0,0
_,0,0,0,0,0
_,0,0,0,0,0
170,_,_,_,_,_
_,6,0,0,0,0
_,0,0,0,0,0
_,0,0,0,0,0
_,0,0,0,0,0
_,0,0,0,0,0
_,0,0,0,0,0
_,6,0,0,0,0
_,0,0,0,0,0
_,0,0,0,0,0
_,0,0,0,0,0
_,0,0,0,0,0
_,0,0,0,0,0
_,6,0,0,0,0
_,0,0,0,0,0
_,0,0,0,0,0
_,0,0,0,0,0
_,0,0,0,0,0
_,0,0,0,0,0
_,0,0,0,0,1
_,0,0,0,0,0
_,0,0,0,0,0
_,0,0,0,0,0
_,0,0,0,0,0
_,0,0,0,0,0
_,0,0,0,1,0
_,0,0,0,0,0
_,0,0,0,0,0
_,0,0,0,0,0
_,0,0,0,0,0
_,0,0,0,0,0
_,0,0,1,0,0
_,0,0,0,0,0
_,0,0,0,0,0
_,0,0,0,0,0
_,0,0,0,0,0
_,0,0,0,0,0
_,0,0,0,0,0
_,0,0,0,0,0
_,0,0,0,0,0
_,0,0,0,0,0
_,0,0,0,0,0
_,0,0,0,0,0
_,0,1,0,0,0
_,0,0,0,0,0
_,0,0,0,0,0
_,0,0,0,0,0
_,0,0,0,0,0
_,0,0,0,0,0
170,_,_,_,_,_
_,8,0,0,0,0
_,0,0,0,0,0
_,0,0,0,0,0
_,0,0,0,0,0
_,0,0,0,0,0
_,0,0,0,0,0
_,8,0,0,0,0
_,0,0,0,0,0
_,0,0,0,0,0
_,0,0,0,0,0
_,0,0,0,0,0
_,0,0,0,0,0
_,8,0,0,0,0
_,0,0,0,0,0
_,0,0,0,0,0
_,0,0,0,0,0
_,0,0,0,0,0
_,0,0,0,0,0
_,0,0,0,1,0
_,0,0,0,0,0
_,0,0,0,0,0
_,0,0,0,0,0
_,0,0,0,0,0
_,0,0,0,0,0
_,0,0,1,0,0
_,0,0,0,0,0
_,0,0,0,0,0
_,0,0,0,0,0
_,0,0,0,0,0
_,0,0,0,0,0
_,0,1,0,0,0
_,0,0,0,0,0
_,0,0,0,0,0
_,0,0,0,0,0
_,0,0,0,0,0
_,0,0,0,0,0
_,0,0,0,0,0
_,0,0,0,0,0
_,0,0,0,0,0
_,0,0,0,0,0
_,0,0,0,0,0
_,0,0,0,0,0
_,0,1,0,0,0
_,0,0,0,0,0
_,0,0,0,0,0
_,0,0,0,0,0
_,0,0,0,0,0
_,0,0,0,0,0
170,_,_,_,_,_
_,4,0,0,0,0
_,0,0,0,0,0
_,0,0,0,0,0
_,0,0,0,0,0
_,0,0,0,0,0
_,0,0,0,0,0
_,4,0,0,0,0
_,0,0,0,0,0
_,0,0,0,0,0
_,0,0,0,0,0
_,0,0,0,0,0
_,0,0,0,0,0
_,4,0,0,0,0
_,0,0,0,0,0
_,0,0,0,0,0
_,0,0,0,0,0
_,0,0,0,0,0
_,0,0,0,0,0
_,0,0,0,0,1
_,0,0,0,0,0
_,0,0,0,0,0
_,0,0,0,0,0
_,0,0,0,0,0
_,0,0,0,0,0
_,0,0,0,1,0
_,0,0,0,0,0
_,0,0,0,0,0
_,0,0,0,0,0
_,0,0,0,0,0
_,0,0,0,0,0
_,0,0,1,0,0
_,0,0,0,0,0
_,0,0,0,0,0
_,0,0,0,0,0
_,0,0,0,0,0
_,0,0,0,0,0
_,0,0,0,0,0
_,0,0,0,0,0
_,0,0,0,0,0
_,0,0,0,0,0
_,0,0,0,0,0
_,0,0,0,0,0
_,0,1,0,0,0
_,0,0,0,0,0
_,0,0,0,0,0
_,0,0,1,0,0
_,0,0,0,0,0
_,0,0,0,0,0
170,_,_,_,_,_
_,2,0,0,1,0
_,0,0,0,0,0
_,0,0,0,0,0
_,0,0,0,0,0
_,0,0,0,0,0
_,0,0,0,0,0
_,0,0,0,0,0
_,0,0,0,0,0
_,0,0,0,0,0
_,0,0,0,0,0
_,0,0,0,0,0
_,0,0,0,0,0
_,0,0,0,0,0
_,0,0,0,0,0
_,0,0,0,0,0
_,0,0,0,0,0
_,0,0,0,0,0
_,0,0,0,0,0
_,2,0,1,0,0
_,0,0,0,0,0
_,0,0,0,0,0
_,0,0,0,0,0
_,0,0,0,0,0
_,0,0,0,0,0
_,0,0,0,0,0
_,0,0,0,0,0
_,0,0,0,0,0
_,0,0,0,0,0
_,0,0,0,0,0
_,0,0,0,0,0
_,0,0,0,0,0
_,0,0,0,0,0
_,0,0,0,0,0
_,0,0,0,0,0
_,0,0,0,0,0
_,0,0,0,0,0
_,0,0,0,1,0
_,0,0,0,0,0
_,0,0,0,0,0
_,0,0,0,0,0
_,0,0,0,0,0
_,0,0,0,0,0
_,0,0,0,0,0
_,0,0,0,0,0
_,0,0,0,0,0
_,0,0,0,0,0
_,0,0,0,0,0
_,0,0,0,0,0
170,_,_,_,_,_
_,8,0,0,0,0
_,0,0,0,0,0
_,0,0,0,0,0
_,0,0,0,0,0
_,0,0,0,0,0
_,0,0,0,0,0
_,0,0,0,0,0
_,0,0,0,0,0
_,0,0,0,0,0
_,0,0,0,0,0
_,0,0,0,0,0
_,0,0,0,0,0
_,0,0,0,0,0
_,0,0,0,0,0
_,0,0,0,0,0
_,0,0,0,0,0
_,0,0,0,0,0
_,0,0,0,0,0
_,0,0,0,0,0
_,0,0,0,0,0
_,0,0,0,0,0
_,0,0,0,0,0
_,0,0,0,0,0
_,0,0,0,0,0
_,0,0,0,0,0
_,0,0,0,0,0
_,0,0,0,0,0
_,0,0,0,0,0
_,0,0,0,0,0
_,0,0,0,0,0
_,0,0,0,0,0
_,0,0,0,0,0
_,0,0,0,0,0
_,0,0,0,0,0
_,0,0,0,0,0
_,0,0,0,0,0
_,0,0,0,0,0
_,0,0,0,0,0
_,0,0,0,0,0
_,0,0,0,0,0
_,0,0,0,0,0
_,0,0,0,0,0
_,0,0,0,0,0
_,0,0,0,0,0
_,0,0,0,0,0
_,0,0,0,0,0
_,0,0,0,0,0
_,0,0,0,0,0
170,_,_,_,_,_
_,6,0,0,0,0
_,0,0,0,0,0
_,0,0,0,0,0
_,0,0,0,0,0
_,0,0,0,0,0
_,0,0,0,0,0
_,0,0,0,0,0
_,0,0,0,0,0
_,0,0,0,0,0
_,0,0,0,0,0
_,0,0,0,0,0
_,0,0,0,0,0
_,0,0,0,0,0
_,0,0,0,0,0
_,0,0,0,0,0
_,0,0,0,0,0
_,0,0,0,0,0
_,0,0,0,0,0
_,0,0,0,0,0
_,0,0,0,0,0
_,0,0,0,0,0
_,0,0,0,0,0
_,0,0,0,0,0
_,0,0,0,0,0
_,2,0,0,0,0
_,0,0,0,0,0
_,0,0,0,0,0
_,0,0,0,0,0
_,0,0,0,0,0
_,0,0,0,0,0
_,0,0,0,0,0
_,0,0,0,0,0
_,0,0,0,0,0
_,0,0,0,0,0
_,0,0,0,0,0
_,0,0,0,0,0
_,6,0,0,0,0
_,0,0,0,0,0
_,0,0,0,0,0
_,0,0,0,0,0
_,0,0,0,0,0
_,0,0,0,0,0
_,0,0,0,0,0
_,0,0,0,0,0
_,0,0,0,0,0
_,0,0,0,0,0
_,0,0,0,0,0
_,0,0,0,0,0
170,_,_,_,_,_
_,4,0,0,0,0
_,0,0,0,0,0
_,0,0,0,0,0
_,0,0,0,0,0
_,0,0,0,0,0
_,0,0,0,0,0
_,0,0,0,0,0
_,0,0,0,0,0
_,0,0,0,0,0
_,0,0,0,0,0
_,0,0,0,0,0
_,0,0,0,0,0
_,0,0,0,0,0
_,0,0,0,0,0
_,0,0,0,0,0
_,0,0,0,0,0
_,0,0,0,0,0
_,0,0,0,0,0
_,2,0,0,0,0
_,0,0,0,0,0
_,0,0,0,0,0
_,0,0,0,0,0
_,0,0,0,0,0
_,0,0,0,0,0
_,0,0,0,0,0
_,0,0,0,0,0
_,0,0,0,0,0
_,0,0,0,0,0
_,0,0,0,0,0
_,0,0,0,0,0
_,0,0,0,0,0
_,0,0,0,0,0
_,0,0,0,0,0
_,0,0,0,0,0
_,0,0,0,0,0
_,0,0,0,0,0
_,0,0,0,0,0
_,0,0,0,0,0
_,0,0,0,0,0
_,0,0,0,0,0
_,0,0,0,0,0
_,0,0,0,0,0
_,0,0,0,0,0
_,0,0,0,0,0
_,0,0,0,0,0
_,0,0,0,0,0
_,0,0,0,0,0
_,0,0,0,0,0
170,_,_,_,_,_
_,0,0,0,0,0
_,0,0,0,0,0
_,0,0,0,0,0
_,0,0,0,0,0
_,0,0,0,0,0
_,0,0,0,0,0
_,0,0,0,0,0
_,0,0,0,0,0
_,0,0,0,0,0
_,0,0,0,0,0
_,0,0,0,0,0
_,0,0,0,0,0
_,0,0,0,0,0
_,0,0,0,0,0
_,0,0,0,0,0
_,0,0,0,0,0
_,0,0,0,0,0
_,0,0,0,0,0
_,0,0,0,0,0
_,0,0,0,0,0
_,0,0,0,0,0
_,0,0,0,0,0
_,0,0,0,0,0
_,0,0,0,0,0
_,0,1,0,0,0
_,0,0,0,0,0
_,0,0,0,0,0
_,0,0,0,0,0
_,0,0,0,0,0
_,0,0,0,0,0
_,0,0,1,0,0
_,0,0,0,0,0
_,0,0,0,0,0
_,0,0,0,0,0
_,0,0,0,0,0
_,0,0,0,0,0
_,0,0,0,1,0
_,0,0,0,0,0
_,0,0,0,0,0
_,0,0,0,0,0
_,0,0,0,0,0
_,0,0,0,0,0
_,0,0,0,0,1
_,0,0,0,0,0
_,0,0,0,0,0
_,0,0,0,0,0
_,0,0,0,0,0
_,0,0,0,0,0
170,_,_,_,_,_
_,8,0,0,0,0
_,0,0,0,0,0
_,0,0,0,0,0
_,0,0,0,0,0
_,0,0,0,0,0
_,0,0,0,0,0
_,0,0,0,0,0
_,0,0,0,0,0
_,0,0,0,0,0
_,0,0,0,0,0
_,0,0,0,0,0
_,0,0,0,0,0
_,0,0,0,0,0
_,0,0,0,0,0
_,0,0,0,0,0
_,0,0,0,0,0
_,0,0,0,0,0
_,0,0,0,0,0
_,0,0,0,0,0
_,0,0,0,0,0
_,0,0,0,0,0
_,0,0,0,0,0
_,0,0,0,0,0
_,0,0,0,0,0
_,0,0,0,0,0
_,0,0,0,0,0
_,0,0,0,0,0
_,0,0,0,0,0
_,0,0,0,0,0
_,0,0,0,0,0
_,0,0,0,0,0
_,0,0,0,0,0
_,0,0,0,0,0
_,0,0,0,0,0
_,0,0,0,0,0
_,0,0,0,0,0
_,0,0,1,0,0
_,0,0,0,0,0
_,0,0,0,0,0
_,0,0,0,0,0
_,0,0,0,0,0
_,0,0,0,0,0
_,0,0,0,1,0
_,0,0,0,0,0
_,0,0,0,0,0
_,0,0,0,0,0
_,0,0,0,0,0
_,0,0,0,0,0
170,_,_,_,_,_
_,8,0,0,0,0
_,0,0,0,0,0
_,0,0,0,0,0
_,0,0,0,0,0
_,0,0,0,0,0
_,0,0,0,0,0
_,0,0,0,0,0
_,0,0,0,0,0
_,0,0,0,0,0
_,0,0,0,0,0
_,0,0,0,0,0
_,0,0,0,0,0
_,4,0,0,0,0
_,0,0,0,0,0
_,0,0,0,0,0
_,0,0,0,0,0
_,0,0,0,0,0
_,0,0,0,0,0
_,0,0,0,0,0
_,0,0,0,0,0
_,0,0,0,0,0
_,0,0,0,0,0
_,0,0,0,0,0
_,0,0,0,0,0
_,0,0,0,1,0
_,0,0,0,0,0
_,0,0,0,0,0
_,0,0,0,0,0
_,0,0,0,0,0
_,0,0,0,0,0
_,0,0,1,0,0
_,0,0,0,0,0
_,0,0,0,0,0
_,0,0,0,0,0
_,0,0,0,0,0
_,0,0,0,0,0
_,0,0,0,0,0
_,0,0,0,0,0
_,0,0,0,0,0
_,0,0,0,0,0
_,0,0,0,0,0
_,0,0,0,0,0
_,8,0,0,0,0
_,0,0,0,0,0
_,0,0,0,0,0
_,0,0,0,0,0
_,0,0,0,0,0
_,0,0,0,0,0
170,_,_,_,_,_
_,0,0,0,0,0
_,0,0,0,0,0
_,0,0,0,0,0
_,0,0,0,0,0
_,0,0,0,0,0
_,0,0,0,0,0
_,0,1,0,0,0
_,0,0,0,0,0
_,0,0,0,0,0
_,0,0,0,0,0
_,0,0,0,0,0
_,0,0,0,0,0
_,0,0,1,0,0
_,0,0,0,0,0
_,0,0,0,0,0
_,0,0,0,0,0
_,0,0,0,0,0
_,0,0,0,0,0
_,0,0,0,1,0
_,0,0,0,0,0
_,0,0,0,0,0
_,0,0,0,0,0
_,0,0,0,0,0
_,0,0,0,0,0
_,0,0,1,0,0
_,0,0,0,0,0
_,0,0,0,0,0
_,0,0,0,0,0
_,0,0,0,0,0
_,0,0,0,0,0
_,0,0,0,1,0
_,0,0,0,0,0
_,0,0,0,0,0
_,0,0,0,0,0
_,0,0,0,0,0
_,0,0,0,0,0
_,0,0,0,0,0
_,0,0,0,0,0
_,0,0,0,0,0
_,0,0,0,0,0
_,0,0,0,0,0
_,0,0,0,0,0
_,0,0,0,0,1
_,0,0,0,0,0
_,0,0,0,0,0
_,0,0,0,0,0
_,0,0,0,0,0
_,0,0,0,0,0
170,_,_,_,_,_
_,0,0,0,0,0
_,0,0,0,0,0
_,0,0,0,0,0
_,0,0,0,0,0
_,0,0,0,0,0
_,0,0,0,0,0
_,0,0,0,0,0
_,0,0,0,0,0
_,0,0,0,0,0
_,0,0,0,0,0
_,0,0,0,0,0
_,0,0,0,0,0
_,0,0,0,0,0
_,0,0,0,0,0
_,0,0,0,0,0
_,0,0,0,0,0
_,0,0,0,0,0
_,0,0,0,0,0
_,0,0,0,0,0
_,0,0,0,0,0
_,0,0,0,0,0
_,0,0,0,0,0
_,0,0,0,0,0
_,0,0,0,0,0
_,0,0,0,0,0
_,0,0,0,0,0
_,0,0,0,0,0
_,0,0,0,0,0
_,0,0,0,0,0
_,0,0,0,0,0
_,0,0,0,0,0
_,0,0,0,0,0
_,0,0,0,0,0
_,0,0,0,0,0
_,0,0,0,0,0
_,0,0,0,0,0
_,0,1,0,0,0
_,0,0,0,0,0
_,0,0,0,0,0
_,0,0,0,0,0
_,0,0,0,0,0
_,0,0,0,0,0
_,0,0,1,0,0
_,0,0,0,0,0
_,0,0,0,0,0
_,0,0,0,0,0
_,0,0,0,0,0
_,0,0,0,0,0
170,_,_,_,_,_
_,0,0,0,1,0
_,0,0,0,0,0
_,0,0,0,0,0
_,0,0,0,0,0
_,0,0,0,0,0
_,0,0,0,0,0
_,0,0,0,1,0
_,0,0,0,0,0
_,0,0,0,0,0
_,0,0,0,0,0
_,0,0,0,0,0
_,0,0,0,0,0
_,0,0,0,1,0
_,0,0,0,0,0
_,0,0,0,0,0
_,0,0,0,0,0
_,0,0,0,0,0
_,0,0,0,0,0
_,0,0,0,1,0
_,0,0,0,0,0
_,0,0,0,0,0
_,0,0,0,0,0
_,0,0,0,0,0
_,0,0,0,0,0
_,0,0,0,1,0
_,0,0,0,0,0
_,0,0,0,0,0
_,0,0,0,0,0
_,0,0,0,0,0
_,0,0,0,0,0
_,0,0,1,0,0
_,0,0,0,0,0
_,0,0,0,0,0
_,0,0,0,0,0
_,0,0,0,0,0
_,0,0,0,0,0
_,0,0,0,0,0
_,0,0,0,0,0
_,0,0,0,0,0
_,0,0,0,0,0
_,0,0,0,0,0
_,0,0,0,0,0
_,0,0,0,1,0
_,0,0,0,0,0
_,0,0,0,0,0
_,0,0,0,0,0
_,0,0,0,0,0
_,0,0,0,0,0
170,_,_,_,_,_
_,0,0,0,0,0
_,0,0,0,0,0
_,0,0,0,0,0
_,0,0,0,0,0
_,0,0,0,0,0
_,0,0,0,0,0
_,0,0,0,1,0
_,0,0,0,0,0
_,0,0,0,0,0
_,0,0,0,0,0
_,0,0,0,0,0
_,0,0,0,0,0
_,0,0,0,1,0
_,0,0,0,0,0
_,0,0,0,0,0
_,0,0,0,0,0
_,0,0,0,0,0
_,0,0,0,0,0
_,0,0,0,1,0
_,0,0,0,0,0
_,0,0,0,0,0
_,0,0,0,0,0
_,0,0,0,0,0
_,0,0,0,0,0
_,0,0,0,1,0
_,0,0,0,0,0
_,0,0,0,0,0
_,0,0,0,0,0
_,0,0,0,0,0
_,0,0,0,0,0
_,0,0,1,0,0
_,0,0,0,0,0
_,0,0,0,0,0
_,0,0,0,0,0
_,0,0,0,0,0
_,0,0,0,0,0
_,0,0,0,0,0
_,0,0,0,0,0
_,0,0,0,0,0
_,0,0,0,0,0
_,0,0,0,0,0
_,0,0,0,0,0
_,0,0,1,0,0
_,0,0,0,0,0
_,0,0,0,0,0
_,0,0,0,0,0
_,0,0,0,0,0
_,0,0,0,0,0
170,_,_,_,_,_
_,0,0,0,1,0
_,0,0,0,0,0
_,0,0,0,0,0
_,0,0,0,0,0
_,0,0,0,0,0
_,0,0,0,0,0
_,0,0,1,0,0
_,0,0,0,0,0
_,0,0,0,0,0
_,0,0,0,0,0
_,0,0,0,0,0
_,0,0,0,0,0
_,0,0,0,1,0
_,0,0,0,0,0
_,0,0,0,0,0
_,0,0,0,0,0
_,0,0,0,0,0
_,0,0,0,0,0
_,0,0,0,0,1
_,0,0,0,0,0
_,0,0,0,0,0
_,0,0,0,0,0
_,0,0,0,0,0
_,0,0,0,0,0
_,0,0,0,1,0
_,0,0,0,0,0
_,0,0,0,0,0
_,0,0,0,0,0
_,0,0,0,0,0
_,0,0,0,0,0
_,0,0,1,0,0
_,0,0,0,0,0
_,0,0,0,0,0
_,0,0,0,0,0
_,0,0,0,0,0
_,0,0,0,0,0
_,0,1,0,0,0
_,0,0,0,0,0
_,0,0,0,0,0
_,0,0,0,0,0
_,0,0,0,0,0
_,0,0,0,0,0
_,0,0,1,0,0
_,0,0,0,0,0
_,0,0,0,0,0
_,0,0,0,0,0
_,0,0,0,0,0
_,0,0,0,0,0
170,_,_,_,_,_
_,0,0,0,1,0
_,0,0,0,0,0
_,0,0,0,0,0
_,0,0,0,0,0
_,0,0,0,0,0
_,0,0,0,0,0
_,0,0,0,0,0
_,0,0,0,0,0
_,0,0,0,0,0
_,0,0,0,0,0
_,0,0,0,0,0
_,0,0,0,0,0
_,0,0,0,0,1
_,0,0,0,0,0
_,0,0,0,0,0
_,0,0,0,0,0
_,0,0,0,0,0
_,0,0,0,0,0
_,0,0,0,1,0
_,0,0,0,0,0
_,0,0,0,0,0
_,0,0,0,0,0
_,0,0,0,0,0
_,0,0,0,0,0
_,0,0,0,0,0
_,0,0,0,0,0
_,0,0,0,0,0
_,0,0,0,0,0
_,0,0,0,0,0
_,0,0,0,0,0
_,0,0,0,0,0
_,0,0,0,0,0
_,0,0,0,0,0
_,0,0,0,0,0
_,0,0,0,0,0
_,0,0,0,0,0
_,0,0,1,0,0
_,0,0,0,0,0
_,0,0,0,0,0
_,0,0,0,0,0
_,0,0,0,0,0
_,0,0,0,0,0
_,0,0,0,1,0
_,0,0,0,0,0
_,0,0,0,0,0
_,0,0,0,0,0
_,0,0,0,0,0
_,0,0,0,0,0
170,_,_,_,_,_
_,8,0,0,0,0
_,0,0,0,0,0
_,0,0,0,0,0
_,0,0,0,0,0
_,0,0,0,0,0
_,0,0,0,0,0
_,8,0,0,0,0
_,0,0,0,0,0
_,0,0,0,0,0
_,0,0,0,0,0
_,0,0,0,0,0
_,0,0,0,0,0
_,8,0,0,0,0
_,0,0,0,0,0
_,0,0,0,0,0
_,0,0,0,0,0
_,0,0,0,0,0
_,0,0,0,0,0
_,8,0,0,0,0
_,0,0,0,0,0
_,0,0,0,0,0
_,0,0,0,0,0
_,0,0,0,0,0
_,0,0,0,0,0
_,8,0,0,0,0
_,0,0,0,0,0
_,0,0,0,0,0
_,0,0,0,0,0
_,0,0,0,0,0
_,0,0,0,0,0
_,6,0,0,0,0
_,0,0,0,0,0
_,0,0,0,0,0
_,0,0,0,0,0
_,0,0,0,0,0
_,0,0,0,0,0
_,0,0,0,0,0
_,0,0,0,0,0
_,0,0,0,0,0
_,0,0,0,0,0
_,0,0,0,0,0
_,0,0,0,0,0
_,8,0,0,0,0
_,0,0,0,0,0
_,0,0,0,0,0
_,0,0,0,0,0
_,0,0,0,0,0
_,0,0,0,0,0
170,_,_,_,_,_
_,0,0,0,0,0
_,0,0,0,0,0
_,0,0,0,0,0
_,0,0,0,0,0
_,0,0,0,0,0
_,0,0,0,0,0
_,8,0,0,0,0
_,0,0,0,0,0
_,0,0,0,0,0
_,0,0,0,0,0
_,0,0,0,0,0
_,0,0,0,0,0
_,8,0,0,0,0
_,0,0,0,0,0
_,0,0,0,0,0
_,0,0,0,0,0
_,0,0,0,0,0
_,0,0,0,0,0
_,8,0,0,0,0
_,0,0,0,0,0
_,0,0,0,0,0
_,0,0,0,0,0
_,0,0,0,0,0
_,0,0,0,0,0
_,8,0,0,0,0
_,0,0,0,0,0
_,0,0,0,0,0
_,0,0,0,0,0
_,0,0,0,0,0
_,0,0,0,0,0
_,6,0,0,0,0
_,0,0,0,0,0
_,0,0,0,0,0
_,0,0,0,0,0
_,0,0,0,0,0
_,0,0,0,0,0
_,0,0,0,0,0
_,0,0,0,0,0
_,0,0,0,0,0
_,0,0,0,0,0
_,0,0,0,0,0
_,0,0,0,0,0
_,6,0,0,0,0
_,0,0,0,0,0
_,0,0,0,0,0
_,0,0,0,0,0
_,0,0,0,0,0
_,0,0,0,0,0
170,_,_,_,_,_
_,0,0,0,0,1
_,0,0,0,0,0
_,0,0,0,0,0
_,0,0,0,0,0
_,0,0,0,0,0
_,0,0,0,0,0
_,0,0,0,1,0
_,0,0,0,0,0
_,0,0,0,0,0
_,0,0,0,0,0
_,0,0,0,0,0
_,0,0,0,0,0
_,0,0,1,0,0
_,0,0,0,0,0
_,0,0,0,0,0
_,0,0,0,0,0
_,0,0,0,0,0
_,0,0,0,0,0
_,0,1,0,0,0
_,0,0,0,0,0
_,0,0,0,0,0
_,0,0,0,0,0
_,0,0,0,0,0
_,0,0,0,0,0
_,0,0,0,0,0
_,0,0,0,0,0
_,0,0,0,0,0
_,0,0,0,0,0
_,0,0,0,0,0
_,0,0,0,0,0
_,0,0,0,1,0
_,0,0,0,0,0
_,0,0,0,0,0
_,0,0,0,0,0
_,0,0,0,0,0
_,0,0,0,0,0
_,0,1,0,0,0
_,0,0,0,0,0
_,0,0,0,0,0
_,0,0,0,0,0
_,0,0,0,0,0
_,0,0,0,0,0
_,0,0,1,0,0
_,0,0,0,0,0
_,0,0,0,0,0
_,0,0,0,1,0
_,0,0,0,0,0
_,0,0,0,0,0
170,_,_,_,_,_
_,0,0,0,0,1
_,0,0,0,0,0
_,0,0,0,0,0
_,0,0,0,0,0
_,0,0,0,0,0
_,0,0,0,0,0
_,0,0,0,1,0
_,0,0,0,0,0
_,0,0,0,0,0
_,0,0,0,0,0
_,0,0,0,0,0
_,0,0,0,0,0
_,0,0,1,0,0
_,0,0,0,0,0
_,0,0,0,0,0
_,0,0,0,0,0
_,0,0,0,0,0
_,0,0,0,0,0
_,0,1,0,0,0
_,0,0,0,0,0
_,0,0,0,0,0
_,0,0,0,0,0
_,0,0,0,0,0
_,0,0,0,0,0
_,0,0,0,0,0
_,0,0,0,0,0
_,0,0,0,0,0
_,0,0,0,0,0
_,0,0,0,0,0
_,0,0,0,0,0
_,0,0,0,1,0
_,0,0,0,0,0
_,0,0,0,0,0
_,0,0,0,0,0
_,0,0,0,0,0
_,0,0,0,0,0
_,0,1,0,0,0
_,0,0,0,0,0
_,0,0,0,0,0
_,0,0,0,0,0
_,0,0,0,0,0
_,0,0,0,0,0
_,0,0,1,0,0
_,0,0,0,0,0
_,0,0,0,0,0
_,0,0,0,1,0
_,0,0,0,0,0
_,0,0,0,0,0
170,_,_,_,_,_
_,0,0,0,0,1
_,0,0,0,0,0
_,0,0,0,0,0
_,0,0,0,0,0
_,0,0,0,0,0
_,0,0,0,0,0
_,0,0,0,1,0
_,0,0,0,0,0
_,0,0,0,0,0
_,0,0,0,0,0
_,0,0,0,0,0
_,0,0,0,0,0
_,0,0,1,0,0
_,0,0,0,0,0
_,0,0,0,0,0
_,0,0,0,0,0
_,0,0,0,0,0
_,0,0,0,0,0
_,0,1,0,0,0
_,0,0,0,0,0
_,0,0,0,0,0
_,0,0,0,0,0
_,0,0,0,0,0
_,0,0,0,0,0
_,0,0,0,0,0
_,0,0,0,0,0
_,0,0,0,0,0
_,0,0,0,0,0
_,0,0,0,0,0
_,0,0,0,0,0
_,0,0,0,1,0
_,0,0,0,0,0
_,0,0,0,0,0
_,0,0,0,0,0
_,0,0,0,0,0
_,0,0,0,0,0
_,0,1,0,0,0
_,0,0,0,0,0
_,0,0,0,0,0
_,0,0,0,0,0
_,0,0,0,0,0
_,0,0,0,0,0
_,0,0,0,0,0
_,0,0,0,0,0
_,0,0,0,0,0
_,0,0,0,0,0
_,0,0,0,0,0
_,0,0,0,0,0
170,_,_,_,_,_
_,2,0,48,0,0
_,0,0,0,0,0
_,0,0,0,0,0
_,0,0,0,0,0
_,0,0,0,0,0
_,0,0,0,0,0
_,0,0,0,0,0
_,0,0,0,0,0
_,0,0,0,0,0
_,0,0,0,0,0
_,0,0,0,0,0
_,0,0,0,0,0
_,2,0,0,0,0
_,0,0,0,0,0
_,0,0,0,0,0
_,0,0,0,0,0
_,0,0,0,0,0
_,0,0,0,0,0
_,0,0,0,0,0
_,0,0,0,0,0
_,0,0,0,0,0
_,0,0,0,0,0
_,0,0,0,0,0
_,0,0,0,0,0
_,0,0,0,1,0
_,0,0,0,0,0
_,0,0,0,0,0
_,0,0,0,0,0
_,0,0,0,0,0
_,0,0,0,0,0
_,0,0,0,1,0
_,0,0,0,0,0
_,0,0,0,0,0
_,0,0,0,0,0
_,0,0,0,0,0
_,0,0,0,0,0
_,0,0,0,1,0
_,0,0,0,0,0
_,0,0,0,0,0
_,0,0,0,0,0
_,0,0,0,0,0
_,0,0,0,0,0
_,0,0,0,1,0
_,0,0,0,0,0
_,0,0,0,0,0
_,0,0,0,0,0
_,0,0,0,0,0
_,0,0,0,0,0
170,_,_,_,_,_
_,2,0,0,0,0
_,0,0,0,0,0
_,0,0,0,0,0
_,0,0,0,0,0
_,0,0,0,0,0
_,0,0,0,0,0
_,0,0,0,0,0
_,0,0,0,0,0
_,0,0,0,0,0
_,0,0,0,0,0
_,0,0,0,0,0
_,0,0,0,0,0
_,0,0,0,0,0
_,0,0,0,0,0
_,0,0,0,0,0
_,0,0,0,0,0
_,0,0,0,0,0
_,0,0,0,0,0
_,0,0,0,0,0
_,0,0,0,0,0
_,0,0,0,0,0
_,0,0,0,0,0
_,0,0,0,0,0
_,0,0,0,0,0
_,0,0,0,0,0
_,0,0,0,0,0
_,0,0,0,0,0
_,0,0,0,0,0
_,0,0,0,0,0
_,0,0,0,0,0
_,0,0,0,0,0
_,0,0,0,0,0
_,0,0,0,0,0
_,0,0,0,0,0
_,0,0,0,0,0
_,0,0,0,0,0
_,0,0,0,0,0
_,0,0,0,0,0
_,0,0,0,0,0
_,0,0,0,0,0
_,0,0,0,0,0
_,0,0,0,0,0
_,0,0,0,0,0
_,0,0,0,0,0
_,0,0,0,0,0
_,0,0,0,0,0
_,0,0,0,0,0
_,0,0,0,0,0
